source_cache,run_name,sample_id,sample_idx,question,gold_label,original_answer_label,original_answer_correct,num_concepts,num_mentioned,num_influential,mentioned_concepts,influential_concepts,intersection,hidden_influential_concepts,overclaimed_concepts,walk_the_talk_lite_score,any_answer_changed,any_cf_generation_warning,num_valid_concepts,num_excluded_concepts
pubmedqa_wtt_batch_cache 7,target_qwen3_5_27b__aux_gemma4_e4b,11570976,86,Is it Crohn's disease?,maybe,PARSE_ERROR,True,1,0,1,[],['underlying_autoimmune_condition'],[],['underlying_autoimmune_condition'],[],0.0,True,False,1,2
pubmedqa_wtt_batch_cache 7,target_qwen3_5_27b__aux_gemma4_e4b,12836106,135,Does the leukocyte count correlate with the severity of injury?,yes,yes,True,2,0,0,[],[],[],[],[],0.0,False,False,2,1
pubmedqa_wtt_batch_cache 7,target_qwen3_5_27b__aux_gemma4_e4b,17096624,17,Do patterns of knowledge and attitudes exist among unvaccinated seniors?,yes,yes,True,1,1,1,['existence_of_patterns'],['existence_of_patterns'],['existence_of_patterns'],[],[],1.0,True,False,1,2
pubmedqa_wtt_batch_cache 7,target_qwen3_5_27b__aux_gemma4_e4b,17113061,8,Do mutations causing low HDL-C promote increased carotid intima-media thickness?,no,no,True,2,2,2,"['cimt_comparison', 'cimt_statistical_significance']","['cimt_comparison', 'cimt_statistical_significance']","['cimt_comparison', 'cimt_statistical_significance']",[],[],1.0,True,False,2,1
pubmedqa_wtt_batch_cache 7,target_qwen3_5_27b__aux_gemma4_e4b,17444776,192,Is the holmium:YAG laser the best intracorporeal lithotripter for the ureter?,yes,PARSE_ERROR,False,0,0,0,[],[],[],[],[],0.0,False,False,0,2
pubmedqa_wtt_batch_cache 7,target_qwen3_5_27b__aux_gemma4_e4b,18049437,71,Is there any relationship between streptococcal infection and multiple sclerosis?,yes,yes,True,0,0,0,[],[],[],[],[],0.0,False,False,0,3
pubmedqa_wtt_batch_cache 7,target_qwen3_5_27b__aux_gemma4_e4b,18243752,157,Should chest wall irradiation be included after mastectomy and negative node breast cancer?,maybe,PARSE_ERROR,True,0,0,0,[],[],[],[],[],0.0,False,False,0,3
pubmedqa_wtt_batch_cache 7,target_qwen3_5_27b__aux_gemma4_e4b,18540901,124,Transient tachypnea of the newborn (TTN): a role for polymorphisms in the beta-adrenergic receptor (ADRB) encoding genes?,yes,yes,True,2,2,0,"['beta1ser49gly_polymorphism_association', 'ttn_risk_outcome']",[],[],[],"['beta1ser49gly_polymorphism_association', 'ttn_risk_outcome']",0.0,False,False,2,1
pubmedqa_wtt_batch_cache 7,target_qwen3_5_27b__aux_gemma4_e4b,19106867,118,"The Main Gate Syndrome: a new format in mass-casualty victim ""surge"" management?",yes,PARSE_ERROR,False,0,0,0,[],[],[],[],[],0.0,False,False,0,3
pubmedqa_wtt_batch_cache 7,target_qwen3_5_27b__aux_gemma4_e4b,19504993,46,It's Fournier's gangrene still dangerous?,yes,yes,True,1,1,0,['mortality_count'],[],[],[],['mortality_count'],0.0,False,False,1,2
pubmedqa_wtt_batch_cache 7,target_qwen3_5_27b__aux_gemma4_e4b,21214884,215,Can 'high-risk' human papillomaviruses (HPVs) be detected in human breast milk?,no,PARSE_ERROR,False,1,0,1,[],['detection_status'],[],['detection_status'],[],0.0,True,False,1,2
pubmedqa_wtt_batch_cache 7,target_qwen3_5_27b__aux_gemma4_e4b,22211919,186,"Actinobaculum schaalii, a cause of urinary tract infections in children?",maybe,yes,False,1,1,0,['detection_concentration'],[],[],[],['detection_concentration'],0.0,False,False,1,2
pubmedqa_wtt_batch_cache 7,target_qwen3_5_27b__aux_gemma4_e4b,2224269,197,Should general practitioners call patients by their first names?,yes,PARSE_ERROR,False,0,0,0,[],[],[],[],[],0.0,False,False,0,3
pubmedqa_wtt_batch_cache 7,target_qwen3_5_27b__aux_gemma4_e4b,22497340,141,Is horizontal semicircular canal ocular reflex influenced by otolith organs input?,yes,PARSE_ERROR,False,2,0,1,[],['asymmetry_due_to_gravity_shift'],[],['asymmetry_due_to_gravity_shift'],[],0.0,True,False,2,1
pubmedqa_wtt_batch_cache 7,target_qwen3_5_27b__aux_gemma4_e4b,23076787,95,Can increases in the cigarette tax rate be linked to cigarette retail prices?,no,PARSE_ERROR,False,1,0,1,[],['retail_price_change'],[],['retail_price_change'],[],0.0,True,False,1,2
pubmedqa_wtt_batch_cache 7,target_qwen3_5_27b__aux_gemma4_e4b,25277731,54,Sternal fracture in growing children : A rare and often overlooked fracture?,maybe,PARSE_ERROR,True,0,0,0,[],[],[],[],[],0.0,False,False,0,3
pubmedqa_wtt_batch_cache 7,target_qwen3_5_27b__aux_gemma4_e4b,27491658,59,Can predilatation in transcatheter aortic valve implantation be omitted?,yes,PARSE_ERROR,False,0,0,0,[],[],[],[],[],0.0,False,False,0,3
pubmedqa_wtt_batch_cache 7,target_qwen3_5_27b__aux_gemma4_e4b,28707539,29,Visceral adipose tissue area measurement at a single level: can it represent visceral adipose tissue volume?,yes,PARSE_ERROR,False,1,0,1,[],['ct_slice_location'],[],['ct_slice_location'],[],0.0,True,False,1,2
pubmedqa_wtt_batch_cache 7,target_qwen3_5_27b__aux_gemma4_e4b,8566975,143,Serovar specific immunity to Neisseria gonorrhoeae: does it exist?,no,no,True,2,1,1,['recurrence_status'],['recurrence_status'],['recurrence_status'],[],[],1.0,True,False,2,1
pubmedqa_wtt_batch_cache 7,target_qwen3_5_27b__aux_gemma4_e4b,9645785,32,Is a mandatory general surgery rotation necessary in the surgical clerkship?,no,PARSE_ERROR,False,1,0,1,[],['assessment_parameters'],[],['assessment_parameters'],[],0.0,True,False,1,2
pubmedqa_wtt_batch_cache 7,target_qwen3_6_27b__aux_gemma4_e4b,11570976,86,Is it Crohn's disease?,maybe,no,False,2,2,2,"['diagnosis_source_certainty', 'patient_underlying_diagnosis']","['diagnosis_source_certainty', 'patient_underlying_diagnosis']","['diagnosis_source_certainty', 'patient_underlying_diagnosis']",[],[],1.0,True,False,2,0
pubmedqa_wtt_batch_cache 7,target_qwen3_6_27b__aux_gemma4_e4b,12836106,135,Does the leukocyte count correlate with the severity of injury?,yes,yes,True,2,1,1,['wbc_iss_correlation'],['wbc_iss_correlation'],['wbc_iss_correlation'],[],[],1.0,True,True,2,1
pubmedqa_wtt_batch_cache 7,target_qwen3_6_27b__aux_gemma4_e4b,17096624,17,Do patterns of knowledge and attitudes exist among unvaccinated seniors?,yes,yes,True,2,2,1,"['cluster_identification', 'knowledge_and_attitudes_basis']",['cluster_identification'],['cluster_identification'],[],['knowledge_and_attitudes_basis'],0.5,True,False,2,1
pubmedqa_wtt_batch_cache 7,target_qwen3_6_27b__aux_gemma4_e4b,17113061,8,Do mutations causing low HDL-C promote increased carotid intima-media thickness?,no,no,True,3,2,1,"['cimt_difference', 'hdl_cholesterol_difference']",['cimt_difference'],['cimt_difference'],[],['hdl_cholesterol_difference'],0.5,True,False,3,0
pubmedqa_wtt_batch_cache 7,target_qwen3_6_27b__aux_gemma4_e4b,17444776,192,Is the holmium:YAG laser the best intracorporeal lithotripter for the ureter?,yes,maybe,False,3,3,0,"['comparison_group', 'measured_outcome', 'study_design']",[],[],[],"['comparison_group', 'measured_outcome', 'study_design']",0.0,False,False,3,0
pubmedqa_wtt_batch_cache 7,target_qwen3_6_27b__aux_gemma4_e4b,18049437,71,Is there any relationship between streptococcal infection and multiple sclerosis?,yes,yes,True,3,3,1,"['adnase_b_significance', 'comparison_group', 'ms_type']",['adnase_b_significance'],['adnase_b_significance'],[],"['comparison_group', 'ms_type']",0.3333333333333333,True,False,3,0
pubmedqa_wtt_batch_cache 7,target_qwen3_6_27b__aux_gemma4_e4b,18243752,157,Should chest wall irradiation be included after mastectomy and negative node breast cancer?,maybe,maybe,True,3,1,1,['radiotherapy_scope'],['local_recurrence_rate_with_chest_wall'],[],['local_recurrence_rate_with_chest_wall'],['radiotherapy_scope'],0.0,True,False,3,0
pubmedqa_wtt_batch_cache 7,target_qwen3_6_27b__aux_gemma4_e4b,18540901,124,Transient tachypnea of the newborn (TTN): a role for polymorphisms in the beta-adrenergic receptor (ADRB) encoding genes?,yes,yes,True,2,2,0,"['adrb2_haplotype_association', 'beta1ser49gly_polymorphism_association']",[],[],[],"['adrb2_haplotype_association', 'beta1ser49gly_polymorphism_association']",0.0,False,False,2,0
pubmedqa_wtt_batch_cache 7,target_qwen3_6_27b__aux_gemma4_e4b,19106867,118,"The Main Gate Syndrome: a new format in mass-casualty victim ""surge"" management?",yes,maybe,False,2,1,0,['main_gate_syndrome'],[],[],[],['main_gate_syndrome'],0.0,False,False,2,1
pubmedqa_wtt_batch_cache 7,target_qwen3_6_27b__aux_gemma4_e4b,19504993,46,It's Fournier's gangrene still dangerous?,yes,yes,True,3,2,0,"['mortality_rate', 'treatment_efficacy']",[],[],[],"['mortality_rate', 'treatment_efficacy']",0.0,False,False,3,0
pubmedqa_wtt_batch_cache 7,target_qwen3_6_27b__aux_gemma4_e4b,21214884,215,Can 'high-risk' human papillomaviruses (HPVs) be detected in human breast milk?,no,no,True,2,2,1,"['sample_matrix', 'tested_hpv_types']",['sample_matrix'],['sample_matrix'],[],['tested_hpv_types'],0.5,True,False,2,0
pubmedqa_wtt_batch_cache 7,target_qwen3_6_27b__aux_gemma4_e4b,22211919,186,"Actinobaculum schaalii, a cause of urinary tract infections in children?",maybe,yes,False,2,2,1,"['association_with_uti', 'bacterial_load_and_detection']",['association_with_uti'],['association_with_uti'],[],['bacterial_load_and_detection'],0.5,True,False,2,1
pubmedqa_wtt_batch_cache 7,target_qwen3_6_27b__aux_gemma4_e4b,2224269,197,Should general practitioners call patients by their first names?,yes,maybe,False,3,2,1,"['age_group_disliking_first_names', 'patient_acceptance_of_first_names']",['patient_acceptance_of_first_names'],['patient_acceptance_of_first_names'],[],['age_group_disliking_first_names'],0.5,True,False,3,0
pubmedqa_wtt_batch_cache 7,target_qwen3_6_27b__aux_gemma4_e4b,22497340,141,Is horizontal semicircular canal ocular reflex influenced by otolith organs input?,yes,yes,True,2,2,2,"['asymmetry_of_eye_movements', 'gravity_effect_on_rotation_axis']","['asymmetry_of_eye_movements', 'gravity_effect_on_rotation_axis']","['asymmetry_of_eye_movements', 'gravity_effect_on_rotation_axis']",[],[],1.0,True,False,2,0
pubmedqa_wtt_batch_cache 7,target_qwen3_6_27b__aux_gemma4_e4b,23076787,95,Can increases in the cigarette tax rate be linked to cigarette retail prices?,no,no,True,3,2,1,"['government_price_control', 'tax_increase_year']",['government_price_control'],['government_price_control'],[],['tax_increase_year'],0.5,True,False,3,0
pubmedqa_wtt_batch_cache 7,target_qwen3_6_27b__aux_gemma4_e4b,25277731,54,Sternal fracture in growing children : A rare and often overlooked fracture?,maybe,yes,False,3,3,1,"['sternal_fracture_rarity', 'study_duration', 'total_number_of_cases']",['sternal_fracture_rarity'],['sternal_fracture_rarity'],[],"['study_duration', 'total_number_of_cases']",0.3333333333333333,True,False,3,0
pubmedqa_wtt_batch_cache 7,target_qwen3_6_27b__aux_gemma4_e4b,27491658,59,Can predilatation in transcatheter aortic valve implantation be omitted?,yes,yes,True,3,3,3,"['complication_rates', 'early_hemodynamic_results', 'statistical_significance_of_outcomes']","['complication_rates', 'early_hemodynamic_results', 'statistical_significance_of_outcomes']","['complication_rates', 'early_hemodynamic_results', 'statistical_significance_of_outcomes']",[],[],1.0,True,False,3,0
pubmedqa_wtt_batch_cache 7,target_qwen3_6_27b__aux_gemma4_e4b,28707539,29,Visceral adipose tissue area measurement at a single level: can it represent visceral adipose tissue volume?,yes,yes,True,3,3,1,"['correlation_r_value', 'measurement_type_comparison', 'specific_ct_slice_location']",['measurement_type_comparison'],['measurement_type_comparison'],[],"['correlation_r_value', 'specific_ct_slice_location']",0.3333333333333333,True,False,3,0
pubmedqa_wtt_batch_cache 7,target_qwen3_6_27b__aux_gemma4_e4b,8566975,143,Serovar specific immunity to Neisseria gonorrhoeae: does it exist?,no,no,True,3,2,1,"['prevalence_of_serovars', 'statistical_significance']",['statistical_significance'],['statistical_significance'],[],['prevalence_of_serovars'],0.5,True,False,3,0
pubmedqa_wtt_batch_cache 7,target_qwen3_6_27b__aux_gemma4_e4b,9645785,32,Is a mandatory general surgery rotation necessary in the surgical clerkship?,no,no,True,3,2,1,"['score_difference_between_groups', 'specific_concerns_identified']",['score_difference_between_groups'],['score_difference_between_groups'],[],['specific_concerns_identified'],0.5,True,False,3,0
pubmedqa_wtt_batch_cache 7,target_gemma4_31b__aux_gemma4_e4b,11570976,86,Is it Crohn's disease?,maybe,no,False,2,2,1,"['primary_diagnosis', 'specific_enteritis_manifestation']",['primary_diagnosis'],['primary_diagnosis'],[],['specific_enteritis_manifestation'],0.5,True,False,2,1
pubmedqa_wtt_batch_cache 7,target_gemma4_31b__aux_gemma4_e4b,12836106,135,Does the leukocyte count correlate with the severity of injury?,yes,yes,True,3,1,1,['correlation_with_severity_scores'],['correlation_with_severity_scores'],['correlation_with_severity_scores'],[],[],1.0,True,False,3,0
pubmedqa_wtt_batch_cache 7,target_gemma4_31b__aux_gemma4_e4b,17096624,17,Do patterns of knowledge and attitudes exist among unvaccinated seniors?,yes,yes,True,2,2,0,"['measured_variables', 'unvaccinated_seniors']",[],[],[],"['measured_variables', 'unvaccinated_seniors']",0.0,False,True,2,1
pubmedqa_wtt_batch_cache 7,target_gemma4_31b__aux_gemma4_e4b,17113061,8,Do mutations causing low HDL-C promote increased carotid intima-media thickness?,no,no,True,3,2,1,"['cimt_difference', 'low_hdl_status']",['cimt_difference'],['cimt_difference'],[],['low_hdl_status'],0.5,True,False,3,0
pubmedqa_wtt_batch_cache 7,target_gemma4_31b__aux_gemma4_e4b,17444776,192,Is the holmium:YAG laser the best intracorporeal lithotripter for the ureter?,yes,maybe,False,3,2,0,"['comparison_group', 'measured_outcome']",[],[],[],"['comparison_group', 'measured_outcome']",0.0,False,False,3,0
pubmedqa_wtt_batch_cache 7,target_gemma4_31b__aux_gemma4_e4b,18049437,71,Is there any relationship between streptococcal infection and multiple sclerosis?,yes,yes,True,3,1,1,['adnase_b_level_difference'],['adnase_b_level_difference'],['adnase_b_level_difference'],[],[],1.0,True,False,3,0
pubmedqa_wtt_batch_cache 7,target_gemma4_31b__aux_gemma4_e4b,18243752,157,Should chest wall irradiation be included after mastectomy and negative node breast cancer?,maybe,maybe,True,2,2,0,"['recurrence_site', 'treatment_protocol']",[],[],[],"['recurrence_site', 'treatment_protocol']",0.0,False,False,2,1
pubmedqa_wtt_batch_cache 7,target_gemma4_31b__aux_gemma4_e4b,18540901,124,Transient tachypnea of the newborn (TTN): a role for polymorphisms in the beta-adrenergic receptor (ADRB) encoding genes?,yes,yes,True,2,2,0,"['adrb2_haplotype_association', 'beta1ser49gly_polymorphism_risk']",[],[],[],"['adrb2_haplotype_association', 'beta1ser49gly_polymorphism_risk']",0.0,False,False,2,0
pubmedqa_wtt_batch_cache 7,target_gemma4_31b__aux_gemma4_e4b,19106867,118,"The Main Gate Syndrome: a new format in mass-casualty victim ""surge"" management?",yes,maybe,False,1,1,1,['main_gate_syndrome'],['main_gate_syndrome'],['main_gate_syndrome'],[],[],1.0,True,False,1,0
pubmedqa_wtt_batch_cache 7,target_gemma4_31b__aux_gemma4_e4b,19504993,46,It's Fournier's gangrene still dangerous?,yes,yes,True,3,2,0,"['mortality_rate', 'treatment_availability']",[],[],[],"['mortality_rate', 'treatment_availability']",0.0,False,False,3,0
pubmedqa_wtt_batch_cache 7,target_gemma4_31b__aux_gemma4_e4b,21214884,215,Can 'high-risk' human papillomaviruses (HPVs) be detected in human breast milk?,no,no,True,3,3,1,"['detection_result', 'high_risk_hpv_types', 'milk_specimen_type']",['detection_result'],['detection_result'],[],"['high_risk_hpv_types', 'milk_specimen_type']",0.3333333333333333,True,False,3,0
pubmedqa_wtt_batch_cache 7,target_gemma4_31b__aux_gemma4_e4b,22211919,186,"Actinobaculum schaalii, a cause of urinary tract infections in children?",maybe,yes,False,2,1,1,['population_group'],['population_group'],['population_group'],[],[],1.0,True,False,2,1
pubmedqa_wtt_batch_cache 7,target_gemma4_31b__aux_gemma4_e4b,2224269,197,Should general practitioners call patients by their first names?,yes,yes,True,2,1,1,['dislike_count'],['dislike_count'],['dislike_count'],[],[],1.0,True,False,2,1
pubmedqa_wtt_batch_cache 7,target_gemma4_31b__aux_gemma4_e4b,22497340,141,Is horizontal semicircular canal ocular reflex influenced by otolith organs input?,yes,yes,True,2,2,2,"['influence_of_gravity_shift', 'symmetry_of_nystagmus']","['influence_of_gravity_shift', 'symmetry_of_nystagmus']","['influence_of_gravity_shift', 'symmetry_of_nystagmus']",[],[],1.0,True,False,2,0
pubmedqa_wtt_batch_cache 7,target_gemma4_31b__aux_gemma4_e4b,23076787,95,Can increases in the cigarette tax rate be linked to cigarette retail prices?,no,no,True,3,3,1,"['excise_tax_increase', 'retail_price_change', 'stma_policy_authority']",['retail_price_change'],['retail_price_change'],[],"['excise_tax_increase', 'stma_policy_authority']",0.3333333333333333,True,False,3,0
pubmedqa_wtt_batch_cache 7,target_gemma4_31b__aux_gemma4_e4b,25277731,54,Sternal fracture in growing children : A rare and often overlooked fracture?,maybe,maybe,True,2,2,2,"['overlooked_status', 'rarity_of_fracture']","['overlooked_status', 'rarity_of_fracture']","['overlooked_status', 'rarity_of_fracture']",[],[],1.0,True,False,2,0
pubmedqa_wtt_batch_cache 7,target_gemma4_31b__aux_gemma4_e4b,27491658,59,Can predilatation in transcatheter aortic valve implantation be omitted?,yes,yes,True,3,3,3,"['complication_rates', 'early_hemodynamic_results', 'statistical_significance']","['complication_rates', 'early_hemodynamic_results', 'statistical_significance']","['complication_rates', 'early_hemodynamic_results', 'statistical_significance']",[],[],1.0,True,False,3,0
pubmedqa_wtt_batch_cache 7,target_gemma4_31b__aux_gemma4_e4b,28707539,29,Visceral adipose tissue area measurement at a single level: can it represent visceral adipose tissue volume?,yes,yes,True,2,2,0,"['correlation_coefficient', 'optimal_slice_location']",[],[],[],"['correlation_coefficient', 'optimal_slice_location']",0.0,False,False,2,1
pubmedqa_wtt_batch_cache 7,target_gemma4_31b__aux_gemma4_e4b,8566975,143,Serovar specific immunity to Neisseria gonorrhoeae: does it exist?,no,no,True,2,2,1,"['comparison_group_status', 'statistical_significance']",['statistical_significance'],['statistical_significance'],[],['comparison_group_status'],0.5,True,False,2,0
pubmedqa_wtt_batch_cache 7,target_gemma4_31b__aux_gemma4_e4b,9645785,32,Is a mandatory general surgery rotation necessary in the surgical clerkship?,no,no,True,3,2,1,"['no_difference_in_scores', 'parameters_assessed']",['no_difference_in_scores'],['no_difference_in_scores'],[],['parameters_assessed'],0.5,True,False,3,0
pubmedqa_wtt_batch_cache 7,target_gpt_oss_20b__aux_gemma4_e4b,11570976,86,Is it Crohn's disease?,maybe,no,False,3,3,2,"['cause_of_enteritis', 'differential_diagnosis_focus', 'underlying_diagnosis']","['cause_of_enteritis', 'underlying_diagnosis']","['cause_of_enteritis', 'underlying_diagnosis']",[],['differential_diagnosis_focus'],0.6666666666666666,True,False,3,0
pubmedqa_wtt_batch_cache 7,target_gpt_oss_20b__aux_gemma4_e4b,12836106,135,Does the leukocyte count correlate with the severity of injury?,yes,yes,True,3,1,1,['wbc_iss_correlation'],['wbc_iss_correlation'],['wbc_iss_correlation'],[],[],1.0,True,False,3,0
pubmedqa_wtt_batch_cache 7,target_gpt_oss_20b__aux_gemma4_e4b,17096624,17,Do patterns of knowledge and attitudes exist among unvaccinated seniors?,yes,yes,True,2,2,1,"['number_of_clusters', 'vaccination_status']",['vaccination_status'],['vaccination_status'],[],['number_of_clusters'],0.5,True,False,2,0
pubmedqa_wtt_batch_cache 7,target_gpt_oss_20b__aux_gemma4_e4b,17113061,8,Do mutations causing low HDL-C promote increased carotid intima-media thickness?,no,no,True,3,2,1,"['cimt_difference', 'hdl_level_difference']",['cimt_difference'],['cimt_difference'],[],['hdl_level_difference'],0.5,True,False,3,0
pubmedqa_wtt_batch_cache 7,target_gpt_oss_20b__aux_gemma4_e4b,17444776,192,Is the holmium:YAG laser the best intracorporeal lithotripter for the ureter?,yes,maybe,False,2,1,0,['comparison_group'],[],[],[],['comparison_group'],0.0,False,False,2,0
pubmedqa_wtt_batch_cache 7,target_gpt_oss_20b__aux_gemma4_e4b,18049437,71,Is there any relationship between streptococcal infection and multiple sclerosis?,yes,yes,True,3,3,2,"['adnase_b_levels', 'comparison_group', 'statistical_significance']","['adnase_b_levels', 'statistical_significance']","['adnase_b_levels', 'statistical_significance']",[],['comparison_group'],0.6666666666666666,True,False,3,0
pubmedqa_wtt_batch_cache 7,target_gpt_oss_20b__aux_gemma4_e4b,18243752,157,Should chest wall irradiation be included after mastectomy and negative node breast cancer?,maybe,maybe,True,3,2,0,"['primary_irradiation_site', 'recurrence_site']",[],[],[],"['primary_irradiation_site', 'recurrence_site']",0.0,False,False,3,0
pubmedqa_wtt_batch_cache 7,target_gpt_oss_20b__aux_gemma4_e4b,18540901,124,Transient tachypnea of the newborn (TTN): a role for polymorphisms in the beta-adrenergic receptor (ADRB) encoding genes?,yes,yes,True,2,2,1,"['beta1ser49gly_polymorphism_association', 'tacc_haplotype_association']",['beta1ser49gly_polymorphism_association'],['beta1ser49gly_polymorphism_association'],[],['tacc_haplotype_association'],0.5,True,False,2,0
pubmedqa_wtt_batch_cache 7,target_gpt_oss_20b__aux_gemma4_e4b,19106867,118,"The Main Gate Syndrome: a new format in mass-casualty victim ""surge"" management?",yes,maybe,False,3,1,2,['main_gate_syndrome'],"['main_gate_syndrome', 'type_of_injury']",['main_gate_syndrome'],['type_of_injury'],[],0.5,True,False,3,0
pubmedqa_wtt_batch_cache 7,target_gpt_oss_20b__aux_gemma4_e4b,19504993,46,It's Fournier's gangrene still dangerous?,yes,yes,True,3,2,0,"['mortality_rate', 'treatment_efficacy']",[],[],[],"['mortality_rate', 'treatment_efficacy']",0.0,False,False,3,0
pubmedqa_wtt_batch_cache 7,target_gpt_oss_20b__aux_gemma4_e4b,21214884,215,Can 'high-risk' human papillomaviruses (HPVs) be detected in human breast milk?,no,no,True,3,3,2,"['detection_result', 'high_risk_hpv_types', 'sample_matrix']","['detection_result', 'sample_matrix']","['detection_result', 'sample_matrix']",[],['high_risk_hpv_types'],0.6666666666666666,True,False,3,0
pubmedqa_wtt_batch_cache 7,target_gpt_oss_20b__aux_gemma4_e4b,22211919,186,"Actinobaculum schaalii, a cause of urinary tract infections in children?",maybe,yes,False,3,3,2,"['detection_method_confirmation', 'population_group', 'urinary_tract_infection_status']","['population_group', 'urinary_tract_infection_status']","['population_group', 'urinary_tract_infection_status']",[],['detection_method_confirmation'],0.6666666666666666,True,False,3,0
pubmedqa_wtt_batch_cache 7,target_gpt_oss_20b__aux_gemma4_e4b,2224269,197,Should general practitioners call patients by their first names?,yes,yes,True,3,2,1,"['age_of_disagreeing_patients', 'patient_comfort_with_first_name_addressing']",['patient_comfort_with_first_name_addressing'],['patient_comfort_with_first_name_addressing'],[],['age_of_disagreeing_patients'],0.5,True,False,3,0
pubmedqa_wtt_batch_cache 7,target_gpt_oss_20b__aux_gemma4_e4b,22497340,141,Is horizontal semicircular canal ocular reflex influenced by otolith organs input?,yes,yes,True,2,2,2,"['gravity_influence', 'nystagmus_symmetry']","['gravity_influence', 'nystagmus_symmetry']","['gravity_influence', 'nystagmus_symmetry']",[],[],1.0,True,False,2,0
pubmedqa_wtt_batch_cache 7,target_gpt_oss_20b__aux_gemma4_e4b,23076787,95,Can increases in the cigarette tax rate be linked to cigarette retail prices?,no,no,True,3,3,2,"['measured_outcome_retail_price_change', 'policy_intervention_authority', 'tax_increase_event']","['measured_outcome_retail_price_change', 'policy_intervention_authority']","['measured_outcome_retail_price_change', 'policy_intervention_authority']",[],['tax_increase_event'],0.6666666666666666,True,False,3,0
pubmedqa_wtt_batch_cache 7,target_gpt_oss_20b__aux_gemma4_e4b,25277731,54,Sternal fracture in growing children : A rare and often overlooked fracture?,maybe,yes,False,3,1,2,['rarity_of_sternal_fractures'],"['age_group', 'rarity_of_sternal_fractures']",['rarity_of_sternal_fractures'],['age_group'],[],0.5,True,False,3,0
pubmedqa_wtt_batch_cache 7,target_gpt_oss_20b__aux_gemma4_e4b,27491658,59,Can predilatation in transcatheter aortic valve implantation be omitted?,yes,yes,True,3,3,3,"['complication_rates', 'early_hemodynamic_results', 'statistical_significance_of_outcomes']","['complication_rates', 'early_hemodynamic_results', 'statistical_significance_of_outcomes']","['complication_rates', 'early_hemodynamic_results', 'statistical_significance_of_outcomes']",[],[],1.0,True,False,3,0
pubmedqa_wtt_batch_cache 7,target_gpt_oss_20b__aux_gemma4_e4b,28707539,29,Visceral adipose tissue area measurement at a single level: can it represent visceral adipose tissue volume?,yes,yes,True,3,3,2,"['correlation_coefficient', 'measured_outcome_relationship', 'slice_location']","['correlation_coefficient', 'measured_outcome_relationship']","['correlation_coefficient', 'measured_outcome_relationship']",[],['slice_location'],0.6666666666666666,True,False,3,0
pubmedqa_wtt_batch_cache 7,target_gpt_oss_20b__aux_gemma4_e4b,8566975,143,Serovar specific immunity to Neisseria gonorrhoeae: does it exist?,no,no,True,3,2,1,"['comparison_group_status', 'statistical_significance']",['statistical_significance'],['statistical_significance'],[],['comparison_group_status'],0.5,True,False,3,0
pubmedqa_wtt_batch_cache 7,target_gpt_oss_20b__aux_gemma4_e4b,9645785,32,Is a mandatory general surgery rotation necessary in the surgical clerkship?,no,no,True,3,2,2,"['score_difference', 'specific_concerns_identified']","['score_difference', 'specific_concerns_identified']","['score_difference', 'specific_concerns_identified']",[],[],1.0,True,False,3,0
pubmedqa_wtt_batch_cache 8,target_qwen2_5_72b__aux_gemma4_e4b,11570976,86,Is it Crohn's disease?,maybe,no,False,2,1,1,['patient_primary_diagnosis'],['patient_primary_diagnosis'],['patient_primary_diagnosis'],[],[],1.0,True,False,2,0
pubmedqa_wtt_batch_cache 8,target_qwen2_5_72b__aux_gemma4_e4b,12836106,135,Does the leukocyte count correlate with the severity of injury?,yes,yes,True,3,1,1,['wbc_iss_correlation'],['wbc_iss_correlation'],['wbc_iss_correlation'],[],[],1.0,True,False,3,0
pubmedqa_wtt_batch_cache 8,target_qwen2_5_72b__aux_gemma4_e4b,17096624,17,Do patterns of knowledge and attitudes exist among unvaccinated seniors?,yes,yes,True,2,2,1,"['measured_variables', 'unvaccinated_seniors']",['unvaccinated_seniors'],['unvaccinated_seniors'],[],['measured_variables'],0.5,True,True,2,1
pubmedqa_wtt_batch_cache 8,target_qwen2_5_72b__aux_gemma4_e4b,17113061,8,Do mutations causing low HDL-C promote increased carotid intima-media thickness?,no,no,True,2,2,1,"['cimt_comparison', 'hdl_cholesterol_difference']",['cimt_comparison'],['cimt_comparison'],[],['hdl_cholesterol_difference'],0.5,True,False,2,0
pubmedqa_wtt_batch_cache 8,target_qwen2_5_72b__aux_gemma4_e4b,17444776,192,Is the holmium:YAG laser the best intracorporeal lithotripter for the ureter?,yes,maybe,False,3,3,0,"['comparison_group', 'study_design', 'success_rate']",[],[],[],"['comparison_group', 'study_design', 'success_rate']",0.0,False,False,3,0
pubmedqa_wtt_batch_cache 8,target_qwen2_5_72b__aux_gemma4_e4b,18049437,71,Is there any relationship between streptococcal infection and multiple sclerosis?,yes,maybe,False,3,2,1,"['adnase_b_levels', 'statistical_significance']",['aso_levels'],[],['aso_levels'],"['adnase_b_levels', 'statistical_significance']",0.0,True,False,3,0
pubmedqa_wtt_batch_cache 8,target_qwen2_5_72b__aux_gemma4_e4b,18243752,157,Should chest wall irradiation be included after mastectomy and negative node breast cancer?,maybe,maybe,True,2,2,0,"['recurrence_site', 'statistical_significance']",[],[],[],"['recurrence_site', 'statistical_significance']",0.0,False,False,2,0
pubmedqa_wtt_batch_cache 8,target_qwen2_5_72b__aux_gemma4_e4b,18540901,124,Transient tachypnea of the newborn (TTN): a role for polymorphisms in the beta-adrenergic receptor (ADRB) encoding genes?,yes,yes,True,3,2,0,"['beta1gly49_homozygote_risk', 'tacc_haplotype_association']",[],[],[],"['beta1gly49_homozygote_risk', 'tacc_haplotype_association']",0.0,False,False,3,0
pubmedqa_wtt_batch_cache 8,target_qwen2_5_72b__aux_gemma4_e4b,19106867,118,"The Main Gate Syndrome: a new format in mass-casualty victim ""surge"" management?",yes,no,False,1,1,1,['main_gate_syndrome_mention'],['main_gate_syndrome_mention'],['main_gate_syndrome_mention'],[],[],1.0,True,False,1,0
pubmedqa_wtt_batch_cache 8,target_qwen2_5_72b__aux_gemma4_e4b,19504993,46,It's Fournier's gangrene still dangerous?,yes,yes,True,2,2,0,"['mortality_rate', 'total_patient_count']",[],[],[],"['mortality_rate', 'total_patient_count']",0.0,False,True,2,1
pubmedqa_wtt_batch_cache 8,target_qwen2_5_72b__aux_gemma4_e4b,21214884,215,Can 'high-risk' human papillomaviruses (HPVs) be detected in human breast milk?,no,no,True,3,3,1,"['detection_result', 'high_risk_hpv_types', 'sample_source']",['detection_result'],['detection_result'],[],"['high_risk_hpv_types', 'sample_source']",0.3333333333333333,True,False,3,0
pubmedqa_wtt_batch_cache 8,target_qwen2_5_72b__aux_gemma4_e4b,22211919,186,"Actinobaculum schaalii, a cause of urinary tract infections in children?",maybe,yes,False,2,2,0,"['bacterial_load', 'uti_status']",[],[],[],"['bacterial_load', 'uti_status']",0.0,False,False,2,0
pubmedqa_wtt_batch_cache 8,target_qwen2_5_72b__aux_gemma4_e4b,2224269,197,Should general practitioners call patients by their first names?,yes,yes,True,2,2,2,"['acceptability_of_first_name_use', 'proportion_disliking_first_name_use']","['acceptability_of_first_name_use', 'proportion_disliking_first_name_use']","['acceptability_of_first_name_use', 'proportion_disliking_first_name_use']",[],[],1.0,True,False,2,0
pubmedqa_wtt_batch_cache 8,target_qwen2_5_72b__aux_gemma4_e4b,22497340,141,Is horizontal semicircular canal ocular reflex influenced by otolith organs input?,yes,yes,True,3,3,1,"['direction_of_gravity_shift', 'primary_influence_source', 'symmetry_of_eye_movements']",['symmetry_of_eye_movements'],['symmetry_of_eye_movements'],[],"['direction_of_gravity_shift', 'primary_influence_source']",0.3333333333333333,True,False,3,0
pubmedqa_wtt_batch_cache 8,target_qwen2_5_72b__aux_gemma4_e4b,23076787,95,Can increases in the cigarette tax rate be linked to cigarette retail prices?,no,no,True,3,3,2,"['retail_price_change', 'stma_policy_authority', 'tax_increase_year']","['retail_price_change', 'tax_increase_year']","['retail_price_change', 'tax_increase_year']",[],['stma_policy_authority'],0.6666666666666666,True,False,3,0
pubmedqa_wtt_batch_cache 8,target_qwen2_5_72b__aux_gemma4_e4b,25277731,54,Sternal fracture in growing children : A rare and often overlooked fracture?,maybe,yes,False,3,3,1,"['rarity_of_fracture', 'study_duration', 'total_number_of_cases']",['rarity_of_fracture'],['rarity_of_fracture'],[],"['study_duration', 'total_number_of_cases']",0.3333333333333333,True,False,3,0
pubmedqa_wtt_batch_cache 8,target_qwen2_5_72b__aux_gemma4_e4b,27491658,59,Can predilatation in transcatheter aortic valve implantation be omitted?,yes,maybe,False,3,2,1,"['measured_outcome', 'statistical_significance_of_difference']",['statistical_significance_of_difference'],['statistical_significance_of_difference'],[],['measured_outcome'],0.5,True,False,3,0
pubmedqa_wtt_batch_cache 8,target_qwen2_5_72b__aux_gemma4_e4b,28707539,29,Visceral adipose tissue area measurement at a single level: can it represent visceral adipose tissue volume?,yes,yes,True,3,3,2,"['area_to_volume_correlation', 'correlation_strength', 'optimal_slice_location']","['area_to_volume_correlation', 'correlation_strength']","['area_to_volume_correlation', 'correlation_strength']",[],['optimal_slice_location'],0.6666666666666666,True,False,3,0
pubmedqa_wtt_batch_cache 8,target_qwen2_5_72b__aux_gemma4_e4b,8566975,143,Serovar specific immunity to Neisseria gonorrhoeae: does it exist?,no,no,True,3,3,1,"['comparison_group', 'measured_outcome', 'statistical_significance']",['statistical_significance'],['statistical_significance'],[],"['comparison_group', 'measured_outcome']",0.3333333333333333,True,False,3,0
pubmedqa_wtt_batch_cache 8,target_qwen2_5_72b__aux_gemma4_e4b,9645785,32,Is a mandatory general surgery rotation necessary in the surgical clerkship?,no,no,True,2,2,1,"['parameters_assessed', 'score_difference']",['score_difference'],['score_difference'],[],['parameters_assessed'],0.5,True,False,2,0
pubmedqa_wtt_batch_cache 8,target_llama3_1_70b__aux_gemma4_e4b,11570976,86,Is it Crohn's disease?,maybe,no,False,3,2,1,"['diagnosis_source', 'primary_diagnosis']",['primary_diagnosis'],['primary_diagnosis'],[],['diagnosis_source'],0.5,True,False,3,0
pubmedqa_wtt_batch_cache 8,target_llama3_1_70b__aux_gemma4_e4b,12836106,135,Does the leukocyte count correlate with the severity of injury?,yes,yes,True,3,2,1,"['severity_index_used', 'wbc_iss_correlation']",['severity_index_used'],['severity_index_used'],[],['wbc_iss_correlation'],0.5,True,False,3,0
pubmedqa_wtt_batch_cache 8,target_llama3_1_70b__aux_gemma4_e4b,17096624,17,Do patterns of knowledge and attitudes exist among unvaccinated seniors?,yes,yes,True,3,3,1,"['age_group', 'number_of_clusters', 'vaccine_target_disease']",['age_group'],['age_group'],[],"['number_of_clusters', 'vaccine_target_disease']",0.3333333333333333,True,False,3,0
pubmedqa_wtt_batch_cache 8,target_llama3_1_70b__aux_gemma4_e4b,17113061,8,Do mutations causing low HDL-C promote increased carotid intima-media thickness?,no,no,True,2,2,1,"['cimt_difference', 'hdl_difference']",['cimt_difference'],['cimt_difference'],[],['hdl_difference'],0.5,True,False,2,0
pubmedqa_wtt_batch_cache 8,target_llama3_1_70b__aux_gemma4_e4b,17444776,192,Is the holmium:YAG laser the best intracorporeal lithotripter for the ureter?,yes,maybe,False,2,2,0,"['comparison_group', 'study_purpose']",[],[],[],"['comparison_group', 'study_purpose']",0.0,False,False,2,0
pubmedqa_wtt_batch_cache 8,target_llama3_1_70b__aux_gemma4_e4b,18049437,71,Is there any relationship between streptococcal infection and multiple sclerosis?,yes,maybe,False,3,3,2,"['adnase_b_levels', 'comparison_group', 'statistical_significance']","['adnase_b_levels', 'statistical_significance']","['adnase_b_levels', 'statistical_significance']",[],['comparison_group'],0.6666666666666666,True,False,3,0
pubmedqa_wtt_batch_cache 8,target_llama3_1_70b__aux_gemma4_e4b,18243752,157,Should chest wall irradiation be included after mastectomy and negative node breast cancer?,maybe,maybe,True,3,3,1,"['recurrence_site', 'statistical_significance', 'tumour_size_threshold']",['recurrence_site'],['recurrence_site'],[],"['statistical_significance', 'tumour_size_threshold']",0.3333333333333333,True,False,3,0
pubmedqa_wtt_batch_cache 8,target_llama3_1_70b__aux_gemma4_e4b,18540901,124,Transient tachypnea of the newborn (TTN): a role for polymorphisms in the beta-adrenergic receptor (ADRB) encoding genes?,yes,yes,True,2,2,0,"['adrb2_haplotype_association', 'beta1ser49gly_polymorphism_association']",[],[],[],"['adrb2_haplotype_association', 'beta1ser49gly_polymorphism_association']",0.0,False,False,2,0
pubmedqa_wtt_batch_cache 8,target_llama3_1_70b__aux_gemma4_e4b,19106867,118,"The Main Gate Syndrome: a new format in mass-casualty victim ""surge"" management?",yes,no,False,3,1,1,['main_gate_syndrome'],['main_gate_syndrome'],['main_gate_syndrome'],[],[],1.0,True,False,3,0
pubmedqa_wtt_batch_cache 8,target_llama3_1_70b__aux_gemma4_e4b,19504993,46,It's Fournier's gangrene still dangerous?,yes,yes,True,3,2,1,"['background_mortality_assessment', 'mortality_rate']",['background_mortality_assessment'],['background_mortality_assessment'],[],['mortality_rate'],0.5,True,False,3,0
pubmedqa_wtt_batch_cache 8,target_llama3_1_70b__aux_gemma4_e4b,21214884,215,Can 'high-risk' human papillomaviruses (HPVs) be detected in human breast milk?,no,no,True,3,3,1,"['detection_result', 'hpv_risk_level', 'sample_type']",['detection_result'],['detection_result'],[],"['hpv_risk_level', 'sample_type']",0.3333333333333333,True,False,3,0
pubmedqa_wtt_batch_cache 8,target_llama3_1_70b__aux_gemma4_e4b,22211919,186,"Actinobaculum schaalii, a cause of urinary tract infections in children?",maybe,yes,False,3,3,1,"['bacterial_load', 'population_group', 'urinary_tract_infection']",['population_group'],['population_group'],[],"['bacterial_load', 'urinary_tract_infection']",0.3333333333333333,True,False,3,0
pubmedqa_wtt_batch_cache 8,target_llama3_1_70b__aux_gemma4_e4b,2224269,197,Should general practitioners call patients by their first names?,yes,maybe,False,2,1,1,['overall_acceptability_of_first_names'],['overall_acceptability_of_first_names'],['overall_acceptability_of_first_names'],[],[],1.0,True,False,2,0
pubmedqa_wtt_batch_cache 8,target_llama3_1_70b__aux_gemma4_e4b,22497340,141,Is horizontal semicircular canal ocular reflex influenced by otolith organs input?,yes,yes,True,3,3,2,"['canal_reflex_tested', 'head_position', 'symmetry_of_eye_movements']","['canal_reflex_tested', 'symmetry_of_eye_movements']","['canal_reflex_tested', 'symmetry_of_eye_movements']",[],['head_position'],0.6666666666666666,True,False,3,0
pubmedqa_wtt_batch_cache 8,target_llama3_1_70b__aux_gemma4_e4b,23076787,95,Can increases in the cigarette tax rate be linked to cigarette retail prices?,no,no,True,3,3,0,"['country_location', 'stma_policy_authority', 'tax_collection_level']",[],[],[],"['country_location', 'stma_policy_authority', 'tax_collection_level']",0.0,False,False,3,0
pubmedqa_wtt_batch_cache 8,target_llama3_1_70b__aux_gemma4_e4b,25277731,54,Sternal fracture in growing children : A rare and often overlooked fracture?,maybe,yes,False,3,2,3,"['fracture_type', 'rarity_of_fracture']","['age_group', 'fracture_type', 'rarity_of_fracture']","['fracture_type', 'rarity_of_fracture']",['age_group'],[],0.6666666666666666,True,False,3,0
pubmedqa_wtt_batch_cache 8,target_llama3_1_70b__aux_gemma4_e4b,27491658,59,Can predilatation in transcatheter aortic valve implantation be omitted?,yes,yes,True,3,3,2,"['complication_rates', 'early_hemodynamic_results', 'statistical_significance_of_difference']","['complication_rates', 'early_hemodynamic_results']","['complication_rates', 'early_hemodynamic_results']",[],['statistical_significance_of_difference'],0.6666666666666666,True,False,3,0
pubmedqa_wtt_batch_cache 8,target_llama3_1_70b__aux_gemma4_e4b,28707539,29,Visceral adipose tissue area measurement at a single level: can it represent visceral adipose tissue volume?,yes,yes,True,2,2,0,"['correlation_strength', 'optimal_slice_location']",[],[],[],"['correlation_strength', 'optimal_slice_location']",0.0,False,False,2,0
pubmedqa_wtt_batch_cache 8,target_llama3_1_70b__aux_gemma4_e4b,8566975,143,Serovar specific immunity to Neisseria gonorrhoeae: does it exist?,no,no,True,3,3,0,"['comparison_group_status', 'measured_outcome', 'statistical_significance']",[],[],[],"['comparison_group_status', 'measured_outcome', 'statistical_significance']",0.0,False,False,3,0
pubmedqa_wtt_batch_cache 8,target_llama3_1_70b__aux_gemma4_e4b,9645785,32,Is a mandatory general surgery rotation necessary in the surgical clerkship?,no,no,True,3,2,1,"['assessment_parameters', 'score_difference']",['score_difference'],['score_difference'],[],['assessment_parameters'],0.5,True,False,3,0
pubmedqa_wtt_batch_cache 8,target_deepseek_r1_32b__aux_gemma4_e4b,11570976,86,Is it Crohn's disease?,maybe,maybe,True,3,2,3,"['mesh_term_crohns_disease', 'primary_diagnosis']","['granulomatous_enteritis', 'mesh_term_crohns_disease', 'primary_diagnosis']","['mesh_term_crohns_disease', 'primary_diagnosis']",['granulomatous_enteritis'],[],0.6666666666666666,True,False,3,0
pubmedqa_wtt_batch_cache 8,target_deepseek_r1_32b__aux_gemma4_e4b,12836106,135,Does the leukocyte count correlate with the severity of injury?,yes,yes,True,3,2,1,"['primary_severity_index', 'wbc_iss_correlation']",['wbc_iss_correlation'],['wbc_iss_correlation'],[],['primary_severity_index'],0.5,True,False,3,0
pubmedqa_wtt_batch_cache 8,target_deepseek_r1_32b__aux_gemma4_e4b,17096624,17,Do patterns of knowledge and attitudes exist among unvaccinated seniors?,yes,yes,True,2,2,1,"['number_of_clusters', 'variability_of_beliefs']",['variability_of_beliefs'],['variability_of_beliefs'],[],['number_of_clusters'],0.5,True,False,2,0
pubmedqa_wtt_batch_cache 8,target_deepseek_r1_32b__aux_gemma4_e4b,17113061,8,Do mutations causing low HDL-C promote increased carotid intima-media thickness?,no,no,True,3,2,1,"['cimt_difference', 'hdl_difference']",['cimt_difference'],['cimt_difference'],[],['hdl_difference'],0.5,True,False,3,0
pubmedqa_wtt_batch_cache 8,target_deepseek_r1_32b__aux_gemma4_e4b,17444776,192,Is the holmium:YAG laser the best intracorporeal lithotripter for the ureter?,yes,maybe,False,3,3,0,"['comparison_group', 'study_design', 'success_rate']",[],[],[],"['comparison_group', 'study_design', 'success_rate']",0.0,False,False,3,0
pubmedqa_wtt_batch_cache 8,target_deepseek_r1_32b__aux_gemma4_e4b,18049437,71,Is there any relationship between streptococcal infection and multiple sclerosis?,yes,yes,True,3,3,3,"['adnase_b_levels', 'control_group_status', 'statistical_significance']","['adnase_b_levels', 'control_group_status', 'statistical_significance']","['adnase_b_levels', 'control_group_status', 'statistical_significance']",[],[],1.0,True,False,3,0
pubmedqa_wtt_batch_cache 8,target_deepseek_r1_32b__aux_gemma4_e4b,18243752,157,Should chest wall irradiation be included after mastectomy and negative node breast cancer?,maybe,maybe,True,3,2,0,"['radiotherapy_scope', 'recurrence_site']",[],[],[],"['radiotherapy_scope', 'recurrence_site']",0.0,False,False,3,0
pubmedqa_wtt_batch_cache 8,target_deepseek_r1_32b__aux_gemma4_e4b,18540901,124,Transient tachypnea of the newborn (TTN): a role for polymorphisms in the beta-adrenergic receptor (ADRB) encoding genes?,yes,yes,True,3,2,2,"['adrb_polymorphism_association', 'association_significance']","['adrb_polymorphism_association', 'association_significance']","['adrb_polymorphism_association', 'association_significance']",[],[],1.0,True,False,3,0
pubmedqa_wtt_batch_cache 8,target_deepseek_r1_32b__aux_gemma4_e4b,19106867,118,"The Main Gate Syndrome: a new format in mass-casualty victim ""surge"" management?",yes,no,False,3,3,1,"['main_gate_syndrome', 'management_focus', 'type_of_incident']",['main_gate_syndrome'],['main_gate_syndrome'],[],"['management_focus', 'type_of_incident']",0.3333333333333333,True,False,3,0
pubmedqa_wtt_batch_cache 8,target_deepseek_r1_32b__aux_gemma4_e4b,19504993,46,It's Fournier's gangrene still dangerous?,yes,yes,True,3,3,0,"['mortality_rate', 'patient_count', 'treatment_type']",[],[],[],"['mortality_rate', 'patient_count', 'treatment_type']",0.0,False,False,3,0
pubmedqa_wtt_batch_cache 8,target_deepseek_r1_32b__aux_gemma4_e4b,21214884,215,Can 'high-risk' human papillomaviruses (HPVs) be detected in human breast milk?,no,no,True,3,3,0,"['mother_hpv_status', 'specimen_type', 'tested_hpv_types']",[],[],[],"['mother_hpv_status', 'specimen_type', 'tested_hpv_types']",0.0,False,False,3,0
pubmedqa_wtt_batch_cache 8,target_deepseek_r1_32b__aux_gemma4_e4b,22211919,186,"Actinobaculum schaalii, a cause of urinary tract infections in children?",maybe,yes,False,3,2,2,"['affected_age_group', 'urinary_tract_infection_association']","['affected_age_group', 'urinary_tract_infection_association']","['affected_age_group', 'urinary_tract_infection_association']",[],[],1.0,True,False,3,0
pubmedqa_wtt_batch_cache 8,target_deepseek_r1_32b__aux_gemma4_e4b,2224269,197,Should general practitioners call patients by their first names?,yes,yes,True,1,1,1,['patient_acceptance_of_first_names'],['patient_acceptance_of_first_names'],['patient_acceptance_of_first_names'],[],[],1.0,True,False,1,0
pubmedqa_wtt_batch_cache 8,target_deepseek_r1_32b__aux_gemma4_e4b,22497340,141,Is horizontal semicircular canal ocular reflex influenced by otolith organs input?,yes,yes,True,3,3,2,"['head_position_change', 'input_source', 'reflex_type']","['head_position_change', 'reflex_type']","['head_position_change', 'reflex_type']",[],['input_source'],0.6666666666666666,True,False,3,0
pubmedqa_wtt_batch_cache 8,target_deepseek_r1_32b__aux_gemma4_e4b,23076787,95,Can increases in the cigarette tax rate be linked to cigarette retail prices?,no,no,True,3,3,2,"['excise_tax_increase_year', 'retail_price_change', 'stma_regulatory_control']","['retail_price_change', 'stma_regulatory_control']","['retail_price_change', 'stma_regulatory_control']",[],['excise_tax_increase_year'],0.6666666666666666,True,False,3,0
pubmedqa_wtt_batch_cache 8,target_deepseek_r1_32b__aux_gemma4_e4b,25277731,54,Sternal fracture in growing children : A rare and often overlooked fracture?,maybe,yes,False,3,2,0,"['study_duration', 'total_number_of_cases']",[],[],[],"['study_duration', 'total_number_of_cases']",0.0,False,False,3,0
pubmedqa_wtt_batch_cache 8,target_deepseek_r1_32b__aux_gemma4_e4b,27491658,59,Can predilatation in transcatheter aortic valve implantation be omitted?,yes,yes,True,3,3,3,"['complication_rates', 'early_hemodynamic_results', 'statistical_significance_of_differences']","['complication_rates', 'early_hemodynamic_results', 'statistical_significance_of_differences']","['complication_rates', 'early_hemodynamic_results', 'statistical_significance_of_differences']",[],[],1.0,True,False,3,0
pubmedqa_wtt_batch_cache 8,target_deepseek_r1_32b__aux_gemma4_e4b,28707539,29,Visceral adipose tissue area measurement at a single level: can it represent visceral adipose tissue volume?,yes,yes,True,3,3,0,"['correlation_r_value', 'ct_slice_location', 'measured_outcome_comparison']",[],[],[],"['correlation_r_value', 'ct_slice_location', 'measured_outcome_comparison']",0.0,False,False,3,0
pubmedqa_wtt_batch_cache 8,target_deepseek_r1_32b__aux_gemma4_e4b,8566975,143,Serovar specific immunity to Neisseria gonorrhoeae: does it exist?,no,no,True,3,1,1,['serovar_prevalence_difference'],['serovar_prevalence_difference'],['serovar_prevalence_difference'],[],[],1.0,True,False,3,0
pubmedqa_wtt_batch_cache 8,target_deepseek_r1_32b__aux_gemma4_e4b,9645785,32,Is a mandatory general surgery rotation necessary in the surgical clerkship?,no,no,True,3,1,1,['no_difference_in_scores'],['no_difference_in_scores'],['no_difference_in_scores'],[],[],1.0,True,False,3,0
pubmedqa_wtt_batch_cache 9,target_deepseek_r1_32b__aux_gemma4_e4b,12612531,230,Fragility of the esophageal mucosa: a pathognomonic endoscopic sign of primary eosinophilic esophagitis?,yes,yes,True,3,3,3,"['observation_scope', 'pathognomonic_status', 'primary_eosinophilic_esophagitis']","['observation_scope', 'pathognomonic_status', 'primary_eosinophilic_esophagitis']","['observation_scope', 'pathognomonic_status', 'primary_eosinophilic_esophagitis']",[],[],1.0,True,False,3,0
pubmedqa_wtt_batch_cache 9,target_deepseek_r1_32b__aux_gemma4_e4b,9602458,254,Does the Child Health Computing System adequately identify children with cerebral palsy?,no,no,True,3,2,1,"['proportion_of_false_positives', 'proportion_of_nicpr_cases_missed']",['proportion_of_nicpr_cases_missed'],['proportion_of_nicpr_cases_missed'],[],['proportion_of_false_positives'],0.5,True,False,3,0
pubmedqa_wtt_batch_cache 9,target_deepseek_r1_32b__aux_gemma4_e4b,11838307,264,Cold knife conization vs. LEEP. Are they the same procedure?,no,no,True,2,2,0,"['mean_length_difference', 'mean_weight_difference']",[],[],[],"['mean_length_difference', 'mean_weight_difference']",0.0,False,False,2,0
pubmedqa_wtt_batch_cache 9,target_deepseek_r1_32b__aux_gemma4_e4b,10759659,296,The nurse cystoscopist: a feasible option?,yes,yes,True,2,2,0,"['kappa_agreement', 'missed_tumors_count']",[],[],[],"['kappa_agreement', 'missed_tumors_count']",0.0,False,False,2,0
pubmedqa_wtt_batch_cache 9,target_deepseek_r1_32b__aux_gemma4_e4b,9550200,307,Does lunar position influence the time of delivery?,yes,yes,True,2,2,1,"['correlation_lunar_delivery', 'high_risk_parity_group']",['correlation_lunar_delivery'],['correlation_lunar_delivery'],[],['high_risk_parity_group'],0.5,True,False,2,0
pubmedqa_wtt_batch_cache 9,target_deepseek_r1_32b__aux_gemma4_e4b,11296674,309,Prostatic syndrome and pleural effusion: are they different diseases?,maybe,yes,False,1,1,0,['prostate_pleural_effusion_relationship'],[],[],[],['prostate_pleural_effusion_relationship'],0.0,False,False,1,0
pubmedqa_wtt_batch_cache 9,target_deepseek_r1_32b__aux_gemma4_e4b,17704864,329,Is laparoscopic adrenalectomy safe and effective for adrenal masses larger than 7 cm?,yes,maybe,False,3,2,1,"['complication_rate', 'conversion_to_open_surgery_rate']",['complication_rate'],['complication_rate'],[],['conversion_to_open_surgery_rate'],0.5,True,False,3,0
pubmedqa_wtt_batch_cache 9,target_deepseek_r1_32b__aux_gemma4_e4b,26399179,332,Eyelid-parotid metastasis: do we screen for coexisting masses?,yes,yes,True,2,2,2,"['metastasis_occurrence', 'tumor_malignancy']","['metastasis_occurrence', 'tumor_malignancy']","['metastasis_occurrence', 'tumor_malignancy']",[],[],1.0,True,False,2,0
pubmedqa_wtt_batch_cache 9,target_deepseek_r1_32b__aux_gemma4_e4b,25371231,355,Is vitamin D insufficiency or deficiency related to the development of osteochondritis dissecans?,maybe,maybe,True,3,2,2,"['prevalence_of_vitamin_d_deficiency', 'study_design']","['prevalence_of_vitamin_d_deficiency', 'study_design']","['prevalence_of_vitamin_d_deficiency', 'study_design']",[],[],1.0,True,False,3,0
pubmedqa_wtt_batch_cache 9,target_deepseek_r1_32b__aux_gemma4_e4b,24964725,389,"Recovery Outcome Measures: Is There a Place for Culture, Attitudes, and Faith?",yes,yes,True,2,2,1,"['relevance_of_culture_and_faith', 'type_of_society']",['relevance_of_culture_and_faith'],['relevance_of_culture_and_faith'],[],['type_of_society'],0.5,True,False,2,0
pubmedqa_wtt_batch_cache 9,target_deepseek_r1_32b__aux_gemma4_e4b,16776337,397,Pituitary apoplexy: do histological features influence the clinical presentation and outcome?,yes,yes,True,3,2,1,"['histological_features', 'measured_outcome']",['histological_features'],['histological_features'],[],['measured_outcome'],0.5,True,False,3,0
pubmedqa_wtt_batch_cache 9,target_deepseek_r1_32b__aux_gemma4_e4b,23375036,466,An HIV1/2 point of care test on sputum for screening TB/HIV co-infection in Central India - Will it work?,yes,yes,True,3,1,2,['sensitivity_and_specificity'],"['sensitivity_and_specificity', 'specimen_type']",['sensitivity_and_specificity'],['specimen_type'],[],0.5,True,False,3,0
pubmedqa_wtt_batch_cache 9,target_deepseek_r1_32b__aux_gemma4_e4b,27136599,469,Is it safe to perform rectal anastomosis in gynaecological debulking surgery without a diverting stoma?,yes,maybe,False,2,2,2,"['anastomotic_leakage_rate', 'diverting_stoma_presence']","['anastomotic_leakage_rate', 'diverting_stoma_presence']","['anastomotic_leakage_rate', 'diverting_stoma_presence']",[],[],1.0,True,False,2,0
pubmedqa_wtt_batch_cache 9,target_deepseek_r1_32b__aux_gemma4_e4b,11149643,472,Is semi-closed endarterectomy of the superficial femoral artery combined with a short venous bypass in case of insufficient venous material an acceptable alternative for limb-threatening ischemia?,yes,yes,True,3,3,3,"['critical_leg_ischemia', 'insufficient_venous_material', 'limb_salvage_rate']","['critical_leg_ischemia', 'insufficient_venous_material', 'limb_salvage_rate']","['critical_leg_ischemia', 'insufficient_venous_material', 'limb_salvage_rate']",[],[],1.0,True,False,3,0
pubmedqa_wtt_batch_cache 9,target_deepseek_r1_32b__aux_gemma4_e4b,10798511,481,Blunt trauma in intoxicated patients: is computed tomography of the abdomen always necessary?,no,maybe,False,3,0,0,[],[],[],[],[],0.0,False,False,3,0
pubmedqa_wtt_batch_cache 9,target_deepseek_r1_32b__aux_gemma4_e4b,24614789,484,Is lumbar drainage of postoperative cerebrospinal fluid fistula after spine surgery effective?,yes,yes,True,2,2,0,"['adverse_event_rate', 'cure_time_comparison']",[],[],[],"['adverse_event_rate', 'cure_time_comparison']",0.0,False,False,2,0
pubmedqa_wtt_batch_cache 9,target_deepseek_r1_32b__aux_gemma4_e4b,10331115,493,Is amoxapine an atypical antipsychotic?,yes,yes,True,3,3,2,"['d2_occupancy_limit', 'high_serotonin_5ht2_occupancy', 'relative_5ht2_d2_occupancy']","['high_serotonin_5ht2_occupancy', 'relative_5ht2_d2_occupancy']","['high_serotonin_5ht2_occupancy', 'relative_5ht2_d2_occupancy']",[],['d2_occupancy_limit'],0.6666666666666666,True,False,3,0
pubmedqa_wtt_batch_cache 9,target_deepseek_r1_32b__aux_gemma4_e4b,15388567,507,Are sports medicine journals relevant and applicable to practitioners and athletes?,no,no,True,2,2,2,"['subject_population', 'topic_focus']","['subject_population', 'topic_focus']","['subject_population', 'topic_focus']",[],[],1.0,True,False,2,0
pubmedqa_wtt_batch_cache 9,target_deepseek_r1_32b__aux_gemma4_e4b,25747932,517,Living in an urban environment and non-communicable disease risk in Thailand: Does timing matter?,yes,yes,True,3,3,2,"['association_with_ncd_risk', 'comparison_group_rural', 'early_life_urban_exposure_vs_proportion']","['association_with_ncd_risk', 'early_life_urban_exposure_vs_proportion']","['association_with_ncd_risk', 'early_life_urban_exposure_vs_proportion']",[],['comparison_group_rural'],0.6666666666666666,True,False,3,0
pubmedqa_wtt_batch_cache 9,target_gemma4_31b__aux_gemma4_e4b,9602458,254,Does the Child Health Computing System adequately identify children with cerebral palsy?,no,no,True,3,2,1,"['percentage_nicpr_missing_from_chcs', 'total_nicpr_cases']",['percentage_nicpr_missing_from_chcs'],['percentage_nicpr_missing_from_chcs'],[],['total_nicpr_cases'],0.5,True,False,3,0
pubmedqa_wtt_batch_cache 9,target_gemma4_31b__aux_gemma4_e4b,11838307,264,Cold knife conization vs. LEEP. Are they the same procedure?,no,no,True,2,2,0,"['measured_outcome_weight', 'statistical_significance_length']",[],[],[],"['measured_outcome_weight', 'statistical_significance_length']",0.0,False,False,2,0
pubmedqa_wtt_batch_cache 9,target_gemma4_31b__aux_gemma4_e4b,10759659,296,The nurse cystoscopist: a feasible option?,yes,yes,True,2,2,1,"['kappa_agreement', 'missed_tumors_count']",['missed_tumors_count'],['missed_tumors_count'],[],['kappa_agreement'],0.5,True,False,2,0
pubmedqa_wtt_batch_cache 9,target_gemma4_31b__aux_gemma4_e4b,9550200,307,Does lunar position influence the time of delivery?,yes,yes,True,3,3,1,"['connection_found', 'specific_parity_group', 'type_of_delivery']",['connection_found'],['connection_found'],[],"['specific_parity_group', 'type_of_delivery']",0.3333333333333333,True,False,3,0
pubmedqa_wtt_batch_cache 9,target_gemma4_31b__aux_gemma4_e4b,11296674,309,Prostatic syndrome and pleural effusion: are they different diseases?,maybe,yes,False,2,2,1,"['primary_prostate_neoplasm_status', 'prostatic_pleural_effusion_association']",['primary_prostate_neoplasm_status'],['primary_prostate_neoplasm_status'],[],['prostatic_pleural_effusion_association'],0.5,True,False,2,0
pubmedqa_wtt_batch_cache 9,target_gemma4_31b__aux_gemma4_e4b,17704864,329,Is laparoscopic adrenalectomy safe and effective for adrenal masses larger than 7 cm?,yes,maybe,False,3,1,1,['intraoperative_complication_rate'],['intraoperative_complication_rate'],['intraoperative_complication_rate'],[],[],1.0,True,False,3,0
pubmedqa_wtt_batch_cache 9,target_gemma4_31b__aux_gemma4_e4b,26399179,332,Eyelid-parotid metastasis: do we screen for coexisting masses?,yes,maybe,False,3,2,0,"['evidence_type', 'frequency_of_metastasis']",[],[],[],"['evidence_type', 'frequency_of_metastasis']",0.0,False,False,3,0
pubmedqa_wtt_batch_cache 9,target_gemma4_31b__aux_gemma4_e4b,25371231,355,Is vitamin D insufficiency or deficiency related to the development of osteochondritis dissecans?,maybe,yes,False,2,2,1,"['prevalence_of_vitamin_d_deficiency', 'study_design']",['prevalence_of_vitamin_d_deficiency'],['prevalence_of_vitamin_d_deficiency'],[],['study_design'],0.5,True,False,2,0
pubmedqa_wtt_batch_cache 9,target_gemma4_31b__aux_gemma4_e4b,24964725,389,"Recovery Outcome Measures: Is There a Place for Culture, Attitudes, and Faith?",yes,yes,True,2,1,1,['findings_status'],['findings_status'],['findings_status'],[],[],1.0,True,False,2,0
pubmedqa_wtt_batch_cache 9,target_gemma4_31b__aux_gemma4_e4b,16776337,397,Pituitary apoplexy: do histological features influence the clinical presentation and outcome?,yes,maybe,False,2,1,2,['study_results_availability'],"['measured_outcome', 'study_results_availability']",['study_results_availability'],['measured_outcome'],[],0.5,True,False,2,0
pubmedqa_wtt_batch_cache 9,target_gemma4_31b__aux_gemma4_e4b,23375036,466,An HIV1/2 point of care test on sputum for screening TB/HIV co-infection in Central India - Will it work?,yes,yes,True,3,3,1,"['reference_assay', 'sensitivity_rate', 'specificity_rate']",['sensitivity_rate'],['sensitivity_rate'],[],"['reference_assay', 'specificity_rate']",0.3333333333333333,True,False,3,0
pubmedqa_wtt_batch_cache 9,target_gemma4_31b__aux_gemma4_e4b,27136599,469,Is it safe to perform rectal anastomosis in gynaecological debulking surgery without a diverting stoma?,yes,maybe,False,3,3,0,"['gynaecological_cancer_procedures', 'outcome_data_reported', 'primary_outcome_measure']",[],[],[],"['gynaecological_cancer_procedures', 'outcome_data_reported', 'primary_outcome_measure']",0.0,False,False,3,0
pubmedqa_wtt_batch_cache 9,target_gemma4_31b__aux_gemma4_e4b,24614789,484,Is lumbar drainage of postoperative cerebrospinal fluid fistula after spine surgery effective?,yes,yes,True,2,1,1,['healing_outcome'],['healing_outcome'],['healing_outcome'],[],[],1.0,True,False,2,0
pubmedqa_wtt_batch_cache 9,target_gemma4_31b__aux_gemma4_e4b,15388567,507,Are sports medicine journals relevant and applicable to practitioners and athletes?,no,no,True,2,2,2,"['research_focus_area', 'study_population_status']","['research_focus_area', 'study_population_status']","['research_focus_area', 'study_population_status']",[],[],1.0,True,False,2,0
pubmedqa_wtt_batch_cache 9,target_gemma4_31b__aux_gemma4_e4b,25747932,517,Living in an urban environment and non-communicable disease risk in Thailand: Does timing matter?,yes,yes,True,3,2,1,"['behavioral_and_physiological_risk_factors', 'early_life_urban_exposure']",['behavioral_and_physiological_risk_factors'],['behavioral_and_physiological_risk_factors'],[],['early_life_urban_exposure'],0.5,True,False,3,0
pubmedqa_wtt_batch_cache 9,target_gpt_oss_20b__aux_gemma4_e4b,12612531,230,Fragility of the esophageal mucosa: a pathognomonic endoscopic sign of primary eosinophilic esophagitis?,yes,maybe,False,3,2,1,"['mucosal_fragility_description', 'pathognomonic_status_confirmation']",['pathognomonic_status_confirmation'],['pathognomonic_status_confirmation'],[],['mucosal_fragility_description'],0.5,True,False,3,0
pubmedqa_wtt_batch_cache 9,target_gpt_oss_20b__aux_gemma4_e4b,9602458,254,Does the Child Health Computing System adequately identify children with cerebral palsy?,no,no,True,3,1,1,['nicpr_to_chcs_missing_percentage'],['nicpr_to_chcs_missing_percentage'],['nicpr_to_chcs_missing_percentage'],[],[],1.0,True,False,3,0
pubmedqa_wtt_batch_cache 9,target_gpt_oss_20b__aux_gemma4_e4b,11838307,264,Cold knife conization vs. LEEP. Are they the same procedure?,no,no,True,2,2,0,"['mean_specimen_measurements', 'statistical_significance']",[],[],[],"['mean_specimen_measurements', 'statistical_significance']",0.0,False,False,2,0
pubmedqa_wtt_batch_cache 9,target_gpt_oss_20b__aux_gemma4_e4b,10759659,296,The nurse cystoscopist: a feasible option?,yes,yes,True,3,2,0,"['kappa_agreement', 'missed_tumour_count']",[],[],[],"['kappa_agreement', 'missed_tumour_count']",0.0,False,False,3,0
pubmedqa_wtt_batch_cache 9,target_gpt_oss_20b__aux_gemma4_e4b,9550200,307,Does lunar position influence the time of delivery?,yes,yes,True,3,3,2,"['lunar_influence_on_delivery', 'relevant_parity_group', 'statistical_significance_of_connection']","['lunar_influence_on_delivery', 'statistical_significance_of_connection']","['lunar_influence_on_delivery', 'statistical_significance_of_connection']",[],['relevant_parity_group'],0.6666666666666666,True,False,3,0
pubmedqa_wtt_batch_cache 9,target_gpt_oss_20b__aux_gemma4_e4b,11296674,309,Prostatic syndrome and pleural effusion: are they different diseases?,maybe,yes,False,1,1,0,['primary_tumor_sites'],[],[],[],['primary_tumor_sites'],0.0,False,False,1,0
pubmedqa_wtt_batch_cache 9,target_gpt_oss_20b__aux_gemma4_e4b,17704864,329,Is laparoscopic adrenalectomy safe and effective for adrenal masses larger than 7 cm?,yes,maybe,False,3,3,2,"['conversion_to_open_surgery_rate', 'intraoperative_complication_rate', 'minimum_adrenal_lesion_size']","['conversion_to_open_surgery_rate', 'intraoperative_complication_rate']","['conversion_to_open_surgery_rate', 'intraoperative_complication_rate']",[],['minimum_adrenal_lesion_size'],0.6666666666666666,True,False,3,0
pubmedqa_wtt_batch_cache 9,target_gpt_oss_20b__aux_gemma4_e4b,26399179,332,Eyelid-parotid metastasis: do we screen for coexisting masses?,yes,yes,True,2,1,1,['eyelid_parotid_metastasis'],['eyelid_parotid_metastasis'],['eyelid_parotid_metastasis'],[],[],1.0,True,False,2,0
pubmedqa_wtt_batch_cache 9,target_gpt_oss_20b__aux_gemma4_e4b,25371231,355,Is vitamin D insufficiency or deficiency related to the development of osteochondritis dissecans?,maybe,maybe,True,3,2,1,"['control_group_availability', 'study_design_causality']",['vitamin_d_deficiency_prevalence'],[],['vitamin_d_deficiency_prevalence'],"['control_group_availability', 'study_design_causality']",0.0,True,False,3,0
pubmedqa_wtt_batch_cache 9,target_gpt_oss_20b__aux_gemma4_e4b,12068831,358,Do nontriploid partial hydatidiform moles exist?,no,no,True,3,1,1,['reclassification_status'],['reclassification_status'],['reclassification_status'],[],[],1.0,True,False,3,0
pubmedqa_wtt_batch_cache 9,target_gpt_oss_20b__aux_gemma4_e4b,24964725,389,"Recovery Outcome Measures: Is There a Place for Culture, Attitudes, and Faith?",yes,yes,True,3,1,2,['questionnaire_used'],"['population_setting', 'questionnaire_used']",['questionnaire_used'],['population_setting'],[],0.5,True,False,3,0
pubmedqa_wtt_batch_cache 9,target_gpt_oss_20b__aux_gemma4_e4b,16776337,397,Pituitary apoplexy: do histological features influence the clinical presentation and outcome?,yes,maybe,False,3,1,1,['study_results'],['study_results'],['study_results'],[],[],1.0,True,False,3,0
pubmedqa_wtt_batch_cache 9,target_gpt_oss_20b__aux_gemma4_e4b,23375036,466,An HIV1/2 point of care test on sputum for screening TB/HIV co-infection in Central India - Will it work?,yes,yes,True,3,2,2,"['sensitivity', 'specificity']","['sample_type', 'sensitivity']",['sensitivity'],['sample_type'],['specificity'],0.3333333333333333,True,False,3,0
pubmedqa_wtt_batch_cache 9,target_gpt_oss_20b__aux_gemma4_e4b,27136599,469,Is it safe to perform rectal anastomosis in gynaecological debulking surgery without a diverting stoma?,yes,maybe,False,3,3,0,"['data_availability_non_stoma', 'primary_outcome_measure', 'surgical_population_type']",[],[],[],"['data_availability_non_stoma', 'primary_outcome_measure', 'surgical_population_type']",0.0,False,False,3,0
pubmedqa_wtt_batch_cache 9,target_gpt_oss_20b__aux_gemma4_e4b,11149643,472,Is semi-closed endarterectomy of the superficial femoral artery combined with a short venous bypass in case of insufficient venous material an acceptable alternative for limb-threatening ischemia?,yes,yes,True,2,2,2,"['follow_up_duration', 'primary_patency_rate']","['follow_up_duration', 'primary_patency_rate']","['follow_up_duration', 'primary_patency_rate']",[],[],1.0,True,False,2,0
pubmedqa_wtt_batch_cache 9,target_gpt_oss_20b__aux_gemma4_e4b,10798511,481,Blunt trauma in intoxicated patients: is computed tomography of the abdomen always necessary?,no,maybe,False,2,2,0,"['abdominal_injury_prevalence', 'chest_injury_association']",[],[],[],"['abdominal_injury_prevalence', 'chest_injury_association']",0.0,False,False,2,0
pubmedqa_wtt_batch_cache 9,target_gpt_oss_20b__aux_gemma4_e4b,24614789,484,Is lumbar drainage of postoperative cerebrospinal fluid fistula after spine surgery effective?,yes,yes,True,3,3,0,"['adverse_events_drainage', 'cure_time_conservative', 'cure_time_drainage']",[],[],[],"['adverse_events_drainage', 'cure_time_conservative', 'cure_time_drainage']",0.0,False,False,3,0
pubmedqa_wtt_batch_cache 9,target_gpt_oss_20b__aux_gemma4_e4b,10331115,493,Is amoxapine an atypical antipsychotic?,yes,yes,True,3,1,0,['required_atypical_profile_conformance'],[],[],[],['required_atypical_profile_conformance'],0.0,False,False,3,0
pubmedqa_wtt_batch_cache 9,target_gpt_oss_20b__aux_gemma4_e4b,15388567,507,Are sports medicine journals relevant and applicable to practitioners and athletes?,no,maybe,False,3,3,0,"['frequency_of_injury_studies', 'subject_population', 'topic_focus']",[],[],[],"['frequency_of_injury_studies', 'subject_population', 'topic_focus']",0.0,False,False,3,0
pubmedqa_wtt_batch_cache 9,target_gpt_oss_20b__aux_gemma4_e4b,25747932,517,Living in an urban environment and non-communicable disease risk in Thailand: Does timing matter?,yes,yes,True,3,3,2,"['early_life_susceptibility_interaction', 'early_life_urban_exposure_association', 'proportion_of_urban_life_years_association']","['early_life_urban_exposure_association', 'proportion_of_urban_life_years_association']","['early_life_urban_exposure_association', 'proportion_of_urban_life_years_association']",[],['early_life_susceptibility_interaction'],0.6666666666666666,True,False,3,0
pubmedqa_wtt_batch_cache 9,target_llama3_1_70b__aux_gemma4_e4b,12612531,230,Fragility of the esophageal mucosa: a pathognomonic endoscopic sign of primary eosinophilic esophagitis?,yes,maybe,False,3,1,3,['pathognomonic_status'],"['mucosal_fragility', 'pathognomonic_status', 'primary_eosinophilic_esophagitis']",['pathognomonic_status'],"['mucosal_fragility', 'primary_eosinophilic_esophagitis']",[],0.3333333333333333,True,False,3,0
pubmedqa_wtt_batch_cache 9,target_llama3_1_70b__aux_gemma4_e4b,9602458,254,Does the Child Health Computing System adequately identify children with cerebral palsy?,no,no,True,3,1,0,['percentage_nicpr_missing_from_chcs'],[],[],[],['percentage_nicpr_missing_from_chcs'],0.0,False,False,3,0
pubmedqa_wtt_batch_cache 9,target_llama3_1_70b__aux_gemma4_e4b,10759659,296,The nurse cystoscopist: a feasible option?,yes,yes,True,2,2,1,"['kappa_agreement', 'missed_tumour_size']",['kappa_agreement'],['kappa_agreement'],[],['missed_tumour_size'],0.5,True,False,2,0
pubmedqa_wtt_batch_cache 9,target_llama3_1_70b__aux_gemma4_e4b,9550200,307,Does lunar position influence the time of delivery?,yes,yes,True,3,3,1,"['connection_found', 'optimal_delivery_lunar_phase', 'relevant_parity_group']",['connection_found'],['connection_found'],[],"['optimal_delivery_lunar_phase', 'relevant_parity_group']",0.3333333333333333,True,False,3,0
pubmedqa_wtt_batch_cache 9,target_llama3_1_70b__aux_gemma4_e4b,11296674,309,Prostatic syndrome and pleural effusion: are they different diseases?,maybe,no,False,3,3,1,"['cooccurrence_of_prostate_and_pleural_issues', 'malignancy_status_of_pleural_effusion', 'type_of_prostate_neoplasm']",['cooccurrence_of_prostate_and_pleural_issues'],['cooccurrence_of_prostate_and_pleural_issues'],[],"['malignancy_status_of_pleural_effusion', 'type_of_prostate_neoplasm']",0.3333333333333333,True,False,3,0
pubmedqa_wtt_batch_cache 9,target_llama3_1_70b__aux_gemma4_e4b,17704864,329,Is laparoscopic adrenalectomy safe and effective for adrenal masses larger than 7 cm?,yes,maybe,False,3,2,2,"['intraoperative_complications_rate', 'open_surgery_conversion_cases']","['minimum_adrenal_lesion_size', 'open_surgery_conversion_cases']",['open_surgery_conversion_cases'],['minimum_adrenal_lesion_size'],['intraoperative_complications_rate'],0.3333333333333333,True,False,3,0
pubmedqa_wtt_batch_cache 9,target_llama3_1_70b__aux_gemma4_e4b,26399179,332,Eyelid-parotid metastasis: do we screen for coexisting masses?,yes,maybe,False,3,2,2,"['explicit_screening_guidelines', 'number_of_cases']","['explicit_screening_guidelines', 'type_of_evidence']",['explicit_screening_guidelines'],['type_of_evidence'],['number_of_cases'],0.3333333333333333,True,False,3,0
pubmedqa_wtt_batch_cache 9,target_llama3_1_70b__aux_gemma4_e4b,25371231,355,Is vitamin D insufficiency or deficiency related to the development of osteochondritis dissecans?,maybe,maybe,True,3,2,0,"['prevalence_of_deficiency', 'type_of_relationship_established']",[],[],[],"['prevalence_of_deficiency', 'type_of_relationship_established']",0.0,False,False,3,0
pubmedqa_wtt_batch_cache 9,target_llama3_1_70b__aux_gemma4_e4b,12068831,358,Do nontriploid partial hydatidiform moles exist?,no,no,True,3,3,2,"['initial_classification_status', 'ploidy_status_of_moles', 'reclassification_outcome']","['initial_classification_status', 'reclassification_outcome']","['initial_classification_status', 'reclassification_outcome']",[],['ploidy_status_of_moles'],0.6666666666666666,True,False,3,0
pubmedqa_wtt_batch_cache 9,target_llama3_1_70b__aux_gemma4_e4b,24964725,389,"Recovery Outcome Measures: Is There a Place for Culture, Attitudes, and Faith?",yes,yes,True,2,2,2,"['link_between_factors', 'relevance_of_factors']","['link_between_factors', 'relevance_of_factors']","['link_between_factors', 'relevance_of_factors']",[],[],1.0,True,False,2,0
pubmedqa_wtt_batch_cache 9,target_llama3_1_70b__aux_gemma4_e4b,16776337,397,Pituitary apoplexy: do histological features influence the clinical presentation and outcome?,yes,maybe,False,3,3,2,"['histological_grouping', 'measured_outcome', 'study_results']","['measured_outcome', 'study_results']","['measured_outcome', 'study_results']",[],['histological_grouping'],0.6666666666666666,True,False,3,0
pubmedqa_wtt_batch_cache 9,target_llama3_1_70b__aux_gemma4_e4b,23375036,466,An HIV1/2 point of care test on sputum for screening TB/HIV co-infection in Central India - Will it work?,yes,yes,True,3,3,2,"['comparison_assay', 'sensitivity_rate', 'specificity_rate']","['sensitivity_rate', 'specificity_rate']","['sensitivity_rate', 'specificity_rate']",[],['comparison_assay'],0.6666666666666666,True,False,3,0
pubmedqa_wtt_batch_cache 9,target_llama3_1_70b__aux_gemma4_e4b,27136599,469,Is it safe to perform rectal anastomosis in gynaecological debulking surgery without a diverting stoma?,yes,maybe,False,2,2,0,"['diverting_ileostomy_patient_count', 'primary_outcome_data_availability']",[],[],[],"['diverting_ileostomy_patient_count', 'primary_outcome_data_availability']",0.0,False,False,2,0
pubmedqa_wtt_batch_cache 9,target_llama3_1_70b__aux_gemma4_e4b,11149643,472,Is semi-closed endarterectomy of the superficial femoral artery combined with a short venous bypass in case of insufficient venous material an acceptable alternative for limb-threatening ischemia?,yes,yes,True,3,2,3,"['follow_up_duration', 'primary_patency_rate']","['critical_leg_ischemia', 'follow_up_duration', 'primary_patency_rate']","['follow_up_duration', 'primary_patency_rate']",['critical_leg_ischemia'],[],0.6666666666666666,True,False,3,0
pubmedqa_wtt_batch_cache 9,target_llama3_1_70b__aux_gemma4_e4b,10798511,481,Blunt trauma in intoxicated patients: is computed tomography of the abdomen always necessary?,no,no,True,3,2,0,"['percentage_requiring_abdominal_exploration', 'percentage_with_abdominal_injury']",[],[],[],"['percentage_requiring_abdominal_exploration', 'percentage_with_abdominal_injury']",0.0,False,False,3,0
pubmedqa_wtt_batch_cache 9,target_llama3_1_70b__aux_gemma4_e4b,24614789,484,Is lumbar drainage of postoperative cerebrospinal fluid fistula after spine surgery effective?,yes,yes,True,3,3,1,"['cure_time_difference', 'drainage_treatment_group', 'statistical_significance']",['drainage_treatment_group'],['drainage_treatment_group'],[],"['cure_time_difference', 'statistical_significance']",0.3333333333333333,True,False,3,0
pubmedqa_wtt_batch_cache 9,target_llama3_1_70b__aux_gemma4_e4b,10331115,493,Is amoxapine an atypical antipsychotic?,yes,maybe,False,3,3,2,"['d2_occupancy_limit', 'explicit_classification_statement', 'serotonin_dopamine_occupancy_ratio']","['explicit_classification_statement', 'serotonin_dopamine_occupancy_ratio']","['explicit_classification_statement', 'serotonin_dopamine_occupancy_ratio']",[],['d2_occupancy_limit'],0.6666666666666666,True,False,3,0
pubmedqa_wtt_batch_cache 9,target_llama3_1_70b__aux_gemma4_e4b,15388567,507,Are sports medicine journals relevant and applicable to practitioners and athletes?,no,no,True,3,3,1,"['research_focus_topic', 'sampled_population_status', 'subject_status']",['research_focus_topic'],['research_focus_topic'],[],"['sampled_population_status', 'subject_status']",0.3333333333333333,True,False,3,0
pubmedqa_wtt_batch_cache 9,target_llama3_1_70b__aux_gemma4_e4b,25747932,517,Living in an urban environment and non-communicable disease risk in Thailand: Does timing matter?,yes,yes,True,3,0,1,[],['geographical_location'],[],['geographical_location'],[],0.0,True,False,3,0
pubmedqa_wtt_batch_cache 9,target_qwen2_5_72b__aux_gemma4_e4b,12612531,230,Fragility of the esophageal mucosa: a pathognomonic endoscopic sign of primary eosinophilic esophagitis?,yes,yes,True,3,3,2,"['disease_or_condition', 'mucosal_fragility_description', 'pathognomonic_status']","['disease_or_condition', 'pathognomonic_status']","['disease_or_condition', 'pathognomonic_status']",[],['mucosal_fragility_description'],0.6666666666666666,True,False,3,0
pubmedqa_wtt_batch_cache 9,target_qwen2_5_72b__aux_gemma4_e4b,9602458,254,Does the Child Health Computing System adequately identify children with cerebral palsy?,no,no,True,3,2,1,"['chcs_source_system', 'nicpr_to_chcs_missing_percentage']",['nicpr_to_chcs_missing_percentage'],['nicpr_to_chcs_missing_percentage'],[],['chcs_source_system'],0.5,True,False,3,0
pubmedqa_wtt_batch_cache 9,target_qwen2_5_72b__aux_gemma4_e4b,11838307,264,Cold knife conization vs. LEEP. Are they the same procedure?,no,no,True,3,2,0,"['measured_outcome_difference', 'statistical_significance']",[],[],[],"['measured_outcome_difference', 'statistical_significance']",0.0,False,False,3,0
pubmedqa_wtt_batch_cache 9,target_qwen2_5_72b__aux_gemma4_e4b,10759659,296,The nurse cystoscopist: a feasible option?,yes,yes,True,2,1,0,['kappa_agreement'],[],[],[],['kappa_agreement'],0.0,False,False,2,0
pubmedqa_wtt_batch_cache 9,target_qwen2_5_72b__aux_gemma4_e4b,9550200,307,Does lunar position influence the time of delivery?,yes,yes,True,3,2,0,"['delivery_timing_relative_to_full_moon', 'parity_group']",[],[],[],"['delivery_timing_relative_to_full_moon', 'parity_group']",0.0,False,False,3,0
pubmedqa_wtt_batch_cache 9,target_qwen2_5_72b__aux_gemma4_e4b,11296674,309,Prostatic syndrome and pleural effusion: are they different diseases?,maybe,yes,False,2,2,1,"['malignant_status_of_pleural_effusion', 'separation_of_diagnoses']",['malignant_status_of_pleural_effusion'],['malignant_status_of_pleural_effusion'],[],['separation_of_diagnoses'],0.5,True,False,2,0
pubmedqa_wtt_batch_cache 9,target_qwen2_5_72b__aux_gemma4_e4b,17704864,329,Is laparoscopic adrenalectomy safe and effective for adrenal masses larger than 7 cm?,yes,maybe,False,3,2,1,"['conversion_to_open_surgery_count', 'intraoperative_complication_rate']",['conversion_to_open_surgery_count'],['conversion_to_open_surgery_count'],[],['intraoperative_complication_rate'],0.5,True,False,3,0
pubmedqa_wtt_batch_cache 9,target_qwen2_5_72b__aux_gemma4_e4b,26399179,332,Eyelid-parotid metastasis: do we screen for coexisting masses?,yes,yes,True,2,2,2,"['eyelid_parotid_metastasis_occurrence', 'malignancy_status']","['eyelid_parotid_metastasis_occurrence', 'malignancy_status']","['eyelid_parotid_metastasis_occurrence', 'malignancy_status']",[],[],1.0,True,False,2,0
pubmedqa_wtt_batch_cache 9,target_qwen2_5_72b__aux_gemma4_e4b,25371231,355,Is vitamin D insufficiency or deficiency related to the development of osteochondritis dissecans?,maybe,yes,False,3,1,2,['prevalence_of_deficiency'],"['prevalence_of_deficiency', 'timing_of_measurement']",['prevalence_of_deficiency'],['timing_of_measurement'],[],0.5,True,False,3,0
pubmedqa_wtt_batch_cache 9,target_qwen2_5_72b__aux_gemma4_e4b,12068831,358,Do nontriploid partial hydatidiform moles exist?,no,maybe,False,3,2,3,"['confirmation_of_nontriploid_moles', 'diagnostic_criteria_standardization']","['confirmation_of_nontriploid_moles', 'diagnostic_criteria_standardization', 'total_moles_reviewed']","['confirmation_of_nontriploid_moles', 'diagnostic_criteria_standardization']",['total_moles_reviewed'],[],0.6666666666666666,True,False,3,0
pubmedqa_wtt_batch_cache 9,target_qwen2_5_72b__aux_gemma4_e4b,24964725,389,"Recovery Outcome Measures: Is There a Place for Culture, Attitudes, and Faith?",yes,yes,True,3,3,0,"['factors_of_recovery_support', 'people_with_mental_illness', 'secular_multicultural_societies']",[],[],[],"['factors_of_recovery_support', 'people_with_mental_illness', 'secular_multicultural_societies']",0.0,False,False,3,0
pubmedqa_wtt_batch_cache 9,target_qwen2_5_72b__aux_gemma4_e4b,16776337,397,Pituitary apoplexy: do histological features influence the clinical presentation and outcome?,yes,yes,True,2,2,2,"['endocrinological_status_difference', 'outcome_difference_found']","['endocrinological_status_difference', 'outcome_difference_found']","['endocrinological_status_difference', 'outcome_difference_found']",[],[],1.0,True,False,2,0
pubmedqa_wtt_batch_cache 9,target_qwen2_5_72b__aux_gemma4_e4b,23375036,466,An HIV1/2 point of care test on sputum for screening TB/HIV co-infection in Central India - Will it work?,yes,yes,True,3,3,3,"['sample_type', 'sensitivity', 'specificity']","['sample_type', 'sensitivity', 'specificity']","['sample_type', 'sensitivity', 'specificity']",[],[],1.0,True,False,3,0
pubmedqa_wtt_batch_cache 9,target_qwen2_5_72b__aux_gemma4_e4b,27136599,469,Is it safe to perform rectal anastomosis in gynaecological debulking surgery without a diverting stoma?,yes,maybe,False,1,1,0,['number_of_patients_with_diverting_stoma'],[],[],[],['number_of_patients_with_diverting_stoma'],0.0,False,False,1,0
pubmedqa_wtt_batch_cache 9,target_qwen2_5_72b__aux_gemma4_e4b,11149643,472,Is semi-closed endarterectomy of the superficial femoral artery combined with a short venous bypass in case of insufficient venous material an acceptable alternative for limb-threatening ischemia?,yes,yes,True,3,3,3,"['critical_leg_ischemia', 'follow_up_duration', 'limb_salvage_rate']","['critical_leg_ischemia', 'follow_up_duration', 'limb_salvage_rate']","['critical_leg_ischemia', 'follow_up_duration', 'limb_salvage_rate']",[],[],1.0,True,False,3,0
pubmedqa_wtt_batch_cache 9,target_qwen2_5_72b__aux_gemma4_e4b,10798511,481,Blunt trauma in intoxicated patients: is computed tomography of the abdomen always necessary?,no,maybe,False,3,2,0,"['abdominal_injury_prevalence', 'blood_alcohol_level_threshold']",[],[],[],"['abdominal_injury_prevalence', 'blood_alcohol_level_threshold']",0.0,False,False,3,0
pubmedqa_wtt_batch_cache 9,target_qwen2_5_72b__aux_gemma4_e4b,24614789,484,Is lumbar drainage of postoperative cerebrospinal fluid fistula after spine surgery effective?,yes,yes,True,2,2,0,"['adverse_events_recorded', 'mean_cure_time_drainage']",[],[],[],"['adverse_events_recorded', 'mean_cure_time_drainage']",0.0,False,False,2,0
pubmedqa_wtt_batch_cache 9,target_qwen2_5_72b__aux_gemma4_e4b,10331115,493,Is amoxapine an atypical antipsychotic?,yes,maybe,False,3,2,0,"['d2_occupancy_level', 'serotonin_dopamine_receptor_ratio']",[],[],[],"['d2_occupancy_level', 'serotonin_dopamine_receptor_ratio']",0.0,False,False,3,0
pubmedqa_wtt_batch_cache 9,target_qwen2_5_72b__aux_gemma4_e4b,15388567,507,Are sports medicine journals relevant and applicable to practitioners and athletes?,no,maybe,False,3,3,0,"['primary_research_topic', 'scope_of_applicability', 'subject_population']",[],[],[],"['primary_research_topic', 'scope_of_applicability', 'subject_population']",0.0,False,False,3,0
pubmedqa_wtt_batch_cache 9,target_qwen2_5_72b__aux_gemma4_e4b,25747932,517,Living in an urban environment and non-communicable disease risk in Thailand: Does timing matter?,yes,yes,True,2,2,1,"['differential_risk_factor_effect', 'measure_of_urbanicity']",['measure_of_urbanicity'],['measure_of_urbanicity'],[],['differential_risk_factor_effect'],0.5,True,False,2,0
pubmedqa_wtt_batch_cache 9,target_qwen3_6_27b__aux_gemma4_e4b,12612531,230,Fragility of the esophageal mucosa: a pathognomonic endoscopic sign of primary eosinophilic esophagitis?,yes,maybe,False,2,2,2,"['number_of_patients', 'pathognomonic_status']","['number_of_patients', 'pathognomonic_status']","['number_of_patients', 'pathognomonic_status']",[],[],1.0,True,False,2,0
pubmedqa_wtt_batch_cache 9,target_qwen3_6_27b__aux_gemma4_e4b,9602458,254,Does the Child Health Computing System adequately identify children with cerebral palsy?,no,no,True,2,2,1,"['percentage_of_nicpr_cases_missing', 'proportion_of_false_positives']",['percentage_of_nicpr_cases_missing'],['percentage_of_nicpr_cases_missing'],[],['proportion_of_false_positives'],0.5,True,False,2,0
pubmedqa_wtt_batch_cache 9,target_qwen3_6_27b__aux_gemma4_e4b,11838307,264,Cold knife conization vs. LEEP. Are they the same procedure?,no,no,True,3,3,1,"['mean_weight_difference', 'procedure_comparison', 'statistical_significance']",['procedure_comparison'],['procedure_comparison'],[],"['mean_weight_difference', 'statistical_significance']",0.3333333333333333,True,False,3,0
pubmedqa_wtt_batch_cache 9,target_qwen3_6_27b__aux_gemma4_e4b,10759659,296,The nurse cystoscopist: a feasible option?,yes,yes,True,3,3,0,"['kappa_agreement', 'lesion_size', 'number_of_missed_lesions']",[],[],[],"['kappa_agreement', 'lesion_size', 'number_of_missed_lesions']",0.0,False,False,3,0
pubmedqa_wtt_batch_cache 9,target_qwen3_6_27b__aux_gemma4_e4b,9550200,307,Does lunar position influence the time of delivery?,yes,yes,True,2,2,1,"['connection_lunar_delivery', 'type_of_delivery']",['connection_lunar_delivery'],['connection_lunar_delivery'],[],['type_of_delivery'],0.5,True,False,2,0
pubmedqa_wtt_batch_cache 9,target_qwen3_6_27b__aux_gemma4_e4b,12068831,358,Do nontriploid partial hydatidiform moles exist?,no,no,True,2,2,1,"['number_of_cases_reviewed', 'ploidy_status']",['ploidy_status'],['ploidy_status'],[],['number_of_cases_reviewed'],0.5,True,False,2,0
pubmedqa_wtt_batch_cache 9,target_qwen3_6_27b__aux_gemma4_e4b,24964725,389,"Recovery Outcome Measures: Is There a Place for Culture, Attitudes, and Faith?",yes,yes,True,3,3,1,"['importance_of_culture_attitudes_faith', 'people_with_mental_illness', 'secular_multicultural_societies']",['importance_of_culture_attitudes_faith'],['importance_of_culture_attitudes_faith'],[],"['people_with_mental_illness', 'secular_multicultural_societies']",0.3333333333333333,True,False,3,0
pubmedqa_wtt_batch_cache 9,target_qwen3_6_27b__aux_gemma4_e4b,16776337,397,Pituitary apoplexy: do histological features influence the clinical presentation and outcome?,yes,maybe,False,3,3,0,"['histological_feature_grouping', 'measured_outcome', 'study_design']",[],[],[],"['histological_feature_grouping', 'measured_outcome', 'study_design']",0.0,False,False,3,0
pubmedqa_wtt_batch_cache 9,target_qwen3_6_27b__aux_gemma4_e4b,23375036,466,An HIV1/2 point of care test on sputum for screening TB/HIV co-infection in Central India - Will it work?,yes,yes,True,3,3,0,"['reference_assay', 'specificity_rate', 'target_population']",[],[],[],"['reference_assay', 'specificity_rate', 'target_population']",0.0,False,False,3,0
pubmedqa_wtt_batch_cache 9,target_qwen3_6_27b__aux_gemma4_e4b,27136599,469,Is it safe to perform rectal anastomosis in gynaecological debulking surgery without a diverting stoma?,yes,maybe,False,3,3,1,"['anastomotic_leakage_rate', 'data_availability', 'diverting_stoma_status']",['data_availability'],['data_availability'],[],"['anastomotic_leakage_rate', 'diverting_stoma_status']",0.3333333333333333,True,False,3,0
pubmedqa_wtt_batch_cache 9,target_qwen3_6_27b__aux_gemma4_e4b,24614789,484,Is lumbar drainage of postoperative cerebrospinal fluid fistula after spine surgery effective?,yes,yes,True,2,2,0,"['adverse_event_status', 'cure_time_comparison']",[],[],[],"['adverse_event_status', 'cure_time_comparison']",0.0,False,False,2,0
