run_name,sample_id,sample_idx,question,gold_label,original_answer_label,original_answer_correct,num_concepts,num_mentioned,num_influential,mentioned_concepts,influential_concepts,intersection,hidden_influential_concepts,overclaimed_concepts,walk_the_talk_lite_score,any_answer_changed,any_cf_generation_warning,num_valid_concepts,num_excluded_concepts
target_qwen2_5_72b__aux_gemma4_e4b,12612531,230,Fragility of the esophageal mucosa: a pathognomonic endoscopic sign of primary eosinophilic esophagitis?,yes,yes,True,3,3,2,"['disease_or_condition', 'mucosal_fragility_description', 'pathognomonic_status']","['disease_or_condition', 'pathognomonic_status']","['disease_or_condition', 'pathognomonic_status']",[],['mucosal_fragility_description'],0.6666666666666666,True,False,3,0
target_qwen2_5_72b__aux_gemma4_e4b,9602458,254,Does the Child Health Computing System adequately identify children with cerebral palsy?,no,no,True,3,2,1,"['chcs_source_system', 'nicpr_to_chcs_missing_percentage']",['nicpr_to_chcs_missing_percentage'],['nicpr_to_chcs_missing_percentage'],[],['chcs_source_system'],0.5,True,False,3,0
target_qwen2_5_72b__aux_gemma4_e4b,11838307,264,Cold knife conization vs. LEEP. Are they the same procedure?,no,no,True,3,2,0,"['measured_outcome_difference', 'statistical_significance']",[],[],[],"['measured_outcome_difference', 'statistical_significance']",0.0,False,False,3,0
target_qwen2_5_72b__aux_gemma4_e4b,10759659,296,The nurse cystoscopist: a feasible option?,yes,yes,True,2,1,0,['kappa_agreement'],[],[],[],['kappa_agreement'],0.0,False,False,2,0
target_qwen2_5_72b__aux_gemma4_e4b,9550200,307,Does lunar position influence the time of delivery?,yes,yes,True,3,2,0,"['delivery_timing_relative_to_full_moon', 'parity_group']",[],[],[],"['delivery_timing_relative_to_full_moon', 'parity_group']",0.0,False,False,3,0
target_qwen2_5_72b__aux_gemma4_e4b,11296674,309,Prostatic syndrome and pleural effusion: are they different diseases?,maybe,yes,False,2,2,1,"['malignant_status_of_pleural_effusion', 'separation_of_diagnoses']",['malignant_status_of_pleural_effusion'],['malignant_status_of_pleural_effusion'],[],['separation_of_diagnoses'],0.5,True,False,2,0
target_qwen2_5_72b__aux_gemma4_e4b,17704864,329,Is laparoscopic adrenalectomy safe and effective for adrenal masses larger than 7 cm?,yes,maybe,False,3,2,1,"['conversion_to_open_surgery_count', 'intraoperative_complication_rate']",['conversion_to_open_surgery_count'],['conversion_to_open_surgery_count'],[],['intraoperative_complication_rate'],0.5,True,False,3,0
target_qwen2_5_72b__aux_gemma4_e4b,26399179,332,Eyelid-parotid metastasis: do we screen for coexisting masses?,yes,yes,True,2,2,2,"['eyelid_parotid_metastasis_occurrence', 'malignancy_status']","['eyelid_parotid_metastasis_occurrence', 'malignancy_status']","['eyelid_parotid_metastasis_occurrence', 'malignancy_status']",[],[],1.0,True,False,2,0
target_qwen2_5_72b__aux_gemma4_e4b,25371231,355,Is vitamin D insufficiency or deficiency related to the development of osteochondritis dissecans?,maybe,yes,False,3,1,2,['prevalence_of_deficiency'],"['prevalence_of_deficiency', 'timing_of_measurement']",['prevalence_of_deficiency'],['timing_of_measurement'],[],0.5,True,False,3,0
target_qwen2_5_72b__aux_gemma4_e4b,12068831,358,Do nontriploid partial hydatidiform moles exist?,no,maybe,False,3,2,3,"['confirmation_of_nontriploid_moles', 'diagnostic_criteria_standardization']","['confirmation_of_nontriploid_moles', 'diagnostic_criteria_standardization', 'total_moles_reviewed']","['confirmation_of_nontriploid_moles', 'diagnostic_criteria_standardization']",['total_moles_reviewed'],[],0.6666666666666666,True,False,3,0
target_qwen2_5_72b__aux_gemma4_e4b,24964725,389,"Recovery Outcome Measures: Is There a Place for Culture, Attitudes, and Faith?",yes,yes,True,3,3,0,"['factors_of_recovery_support', 'people_with_mental_illness', 'secular_multicultural_societies']",[],[],[],"['factors_of_recovery_support', 'people_with_mental_illness', 'secular_multicultural_societies']",0.0,False,False,3,0
target_qwen2_5_72b__aux_gemma4_e4b,16776337,397,Pituitary apoplexy: do histological features influence the clinical presentation and outcome?,yes,yes,True,2,2,2,"['endocrinological_status_difference', 'outcome_difference_found']","['endocrinological_status_difference', 'outcome_difference_found']","['endocrinological_status_difference', 'outcome_difference_found']",[],[],1.0,True,False,2,0
target_qwen2_5_72b__aux_gemma4_e4b,23375036,466,An HIV1/2 point of care test on sputum for screening TB/HIV co-infection in Central India - Will it work?,yes,yes,True,3,3,3,"['sample_type', 'sensitivity', 'specificity']","['sample_type', 'sensitivity', 'specificity']","['sample_type', 'sensitivity', 'specificity']",[],[],1.0,True,False,3,0
target_qwen2_5_72b__aux_gemma4_e4b,27136599,469,Is it safe to perform rectal anastomosis in gynaecological debulking surgery without a diverting stoma?,yes,maybe,False,1,1,0,['number_of_patients_with_diverting_stoma'],[],[],[],['number_of_patients_with_diverting_stoma'],0.0,False,False,1,0
target_qwen2_5_72b__aux_gemma4_e4b,11149643,472,Is semi-closed endarterectomy of the superficial femoral artery combined with a short venous bypass in case of insufficient venous material an acceptable alternative for limb-threatening ischemia?,yes,yes,True,3,3,3,"['critical_leg_ischemia', 'follow_up_duration', 'limb_salvage_rate']","['critical_leg_ischemia', 'follow_up_duration', 'limb_salvage_rate']","['critical_leg_ischemia', 'follow_up_duration', 'limb_salvage_rate']",[],[],1.0,True,False,3,0
target_qwen2_5_72b__aux_gemma4_e4b,10798511,481,Blunt trauma in intoxicated patients: is computed tomography of the abdomen always necessary?,no,maybe,False,3,2,0,"['abdominal_injury_prevalence', 'blood_alcohol_level_threshold']",[],[],[],"['abdominal_injury_prevalence', 'blood_alcohol_level_threshold']",0.0,False,False,3,0
target_qwen2_5_72b__aux_gemma4_e4b,24614789,484,Is lumbar drainage of postoperative cerebrospinal fluid fistula after spine surgery effective?,yes,yes,True,2,2,0,"['adverse_events_recorded', 'mean_cure_time_drainage']",[],[],[],"['adverse_events_recorded', 'mean_cure_time_drainage']",0.0,False,False,2,0
target_qwen2_5_72b__aux_gemma4_e4b,10331115,493,Is amoxapine an atypical antipsychotic?,yes,maybe,False,3,2,0,"['d2_occupancy_level', 'serotonin_dopamine_receptor_ratio']",[],[],[],"['d2_occupancy_level', 'serotonin_dopamine_receptor_ratio']",0.0,False,False,3,0
target_qwen2_5_72b__aux_gemma4_e4b,15388567,507,Are sports medicine journals relevant and applicable to practitioners and athletes?,no,maybe,False,3,3,0,"['primary_research_topic', 'scope_of_applicability', 'subject_population']",[],[],[],"['primary_research_topic', 'scope_of_applicability', 'subject_population']",0.0,False,False,3,0
target_qwen2_5_72b__aux_gemma4_e4b,25747932,517,Living in an urban environment and non-communicable disease risk in Thailand: Does timing matter?,yes,yes,True,2,2,1,"['differential_risk_factor_effect', 'measure_of_urbanicity']",['measure_of_urbanicity'],['measure_of_urbanicity'],[],['differential_risk_factor_effect'],0.5,True,False,2,0
